,SYMBOL, SERIES, DATE OF LISTING, PAID UP VALUE, MARKET LOT, ISIN NUMBER, FACE VALUE
0,20MICRONS,EQ,06-OCT-2008,5,1,INE144J01027,5
1,21STCENMGM,EQ,03-MAY-1995,10,1,INE253B01015,10
2,3IINFOLTD,EQ,22-OCT-2021,10,1,INE748C01038,10
3,3MINDIA,EQ,13-AUG-2004,10,1,INE470A01017,10
4,3PLAND,EQ,19-JUL-1995,2,1,INE105C01023,2
5,4THDIM,BE,06-SEP-2022,10,1,INE382T01022,10
6,5PAISA,EQ,16-NOV-2017,10,1,INE618L01018,10
7,63MOONS,EQ,20-JUN-2005,2,1,INE111B01023,2
8,A2ZINFRA,EQ,23-DEC-2010,10,1,INE619I01012,10
9,AAATECH,EQ,28-NOV-2022,10,1,INE0D0U01013,10
10,AAKASH,EQ,29-SEP-2020,1,1,INE087Z01024,1
11,AAREYDRUGS,EQ,06-AUG-2021,10,1,INE198H01019,10
12,AARON,EQ,06-NOV-2020,10,1,INE721Z01010,10
13,AARTIDRUGS,EQ,19-SEP-2003,10,1,INE767A01016,10
14,AARTIIND,EQ,08-FEB-1995,5,1,INE769A01020,5
15,AARTISURF,EQ,14-JUL-2020,10,1,INE09EO01013,10
16,AARVEEDEN,EQ,21-NOV-2006,10,1,INE273D01019,10
17,AARVI,EQ,24-JUN-2020,10,1,INE754X01016,10
18,AAVAS,EQ,08-OCT-2018,10,1,INE216P01012,10
19,ABAN,EQ,29-MAR-1995,2,1,INE421A01028,2
20,ABB,EQ,08-FEB-1995,2,1,INE117A01022,2
21,ABBOTINDIA,EQ,08-JAN-2010,10,1,INE358A01014,10
22,ABCAPITAL,EQ,01-SEP-2017,10,1,INE674K01013,10
23,ABFRL,EQ,17-JUL-2013,10,1,INE647O01011,10
24,ABMINTLLTD,BE,09-SEP-2021,10,1,INE251C01025,10
25,ABSLAMC,EQ,11-OCT-2021,5,1,INE404A01024,5
26,ACC,EQ,20-NOV-1996,10,1,INE012A01025,10
27,ACCELYA,EQ,01-DEC-1999,10,1,INE793A01012,10
28,ACCURACY,EQ,11-DEC-2020,10,1,INE648Z01015,10
29,ACE,EQ,26-SEP-2006,2,1,INE731H01025,2
30,ACEINTEG,EQ,04-NOV-2022,10,1,INE543V01017,10
31,ACI,EQ,21-NOV-2022,2,1,INE128X01021,2
32,ADANIENT,EQ,04-JUN-1997,1,1,INE423A01024,1
33,ADANIGREEN,EQ,18-JUN-2018,10,1,INE364U01010,10
34,ADANIPORTS,EQ,27-NOV-2007,2,1,INE742F01042,2
35,ADANIPOWER,EQ,20-AUG-2009,10,1,INE814H01011,10
36,ADANITRANS,EQ,31-JUL-2015,10,1,INE931S01010,10
37,ADFFOODS,EQ,15-SEP-2010,10,1,INE982B01019,10
38,ADL,BE,01-OCT-2020,10,1,INE0CHO01012,10
39,ADORWELD,EQ,10-MAY-1995,10,1,INE045A01017,10
40,ADROITINFO,EQ,13-AUG-1997,10,1,INE737B01033,10
41,ADSL,EQ,25-JUL-2007,5,1,INE102I01027,5
42,ADVANIHOTR,EQ,25-JUN-2007,2,1,INE199C01026,2
43,ADVENZYMES,EQ,01-AUG-2016,2,1,INE837H01020,2
44,AEGISCHEM,EQ,03-APR-1996,1,1,INE208C01025,1
45,AETHER,EQ,03-JUN-2022,10,1,INE0BWX01014,10
46,AFFLE,EQ,08-AUG-2019,2,1,INE00WC01027,2
47,AGARIND,EQ,26-MAY-2014,10,1,INE204E01012,10
48,AGI,EQ,31-MAY-2000,2,1,INE415A01038,2
49,AGRITECH,EQ,28-JAN-2014,10,1,INE449G01018,10
50,AGROPHOS,EQ,08-MAR-2019,10,1,INE740V01019,10
51,AGSTRA,EQ,31-JAN-2022,10,1,INE583L01014,10
52,AHLADA,EQ,28-JAN-2021,10,1,INE00PV01013,10
53,AHLEAST,EQ,11-AUG-2010,10,1,INE926K01017,10
54,AHLUCONT,EQ,14-DEC-2009,2,1,INE758C01029,2
55,AIAENG,EQ,14-DEC-2005,2,1,INE212H01026,2
56,AIRAN,EQ,03-MAY-2019,2,1,INE645W01026,2
57,AIROLAM,EQ,13-OCT-2021,10,1,INE801L01010,10
58,AJANTPHARM,EQ,29-MAY-2000,2,1,INE031B01049,2
59,AJMERA,EQ,16-JUN-2009,10,1,INE298G01027,10
60,AJOONI,EQ,07-MAY-2021,2,1,INE820Y01021,2
61,AJRINFRA,EQ,03-APR-2008,2,1,INE181G01025,2
62,AKASH,EQ,11-OCT-2019,10,1,INE737W01013,10
63,AKG,EQ,16-FEB-2021,10,1,INE00Y801016,10
64,AKSHAR,BE,23-MAY-2022,10,1,INE256Z01017,10
65,AKSHARCHEM,EQ,28-MAR-2017,10,1,INE542B01011,10
66,AKSHOPTFBR,EQ,18-AUG-2000,5,1,INE523B01011,5
67,AKZOINDIA,EQ,28-JUN-2001,10,1,INE133A01011,10
68,ALANKIT,EQ,30-JUN-2015,1,1,INE914E01040,1
69,ALBERTDAVD,EQ,14-JUN-2016,10,1,INE155C01010,10
70,ALEMBICLTD,EQ,22-SEP-1999,2,1,INE426A01027,2
71,ALICON,EQ,29-SEP-2006,5,1,INE062D01024,5
72,ALKALI,EQ,06-NOV-2008,10,1,INE773I01017,10
73,ALKEM,EQ,23-DEC-2015,2,1,INE540L01014,2
74,ALKYLAMINE,EQ,26-NOV-2007,2,1,INE150B01039,2
75,ALLCARGO,EQ,23-JUN-2006,2,1,INE418H01029,2
76,ALLSEC,EQ,09-MAY-2005,10,1,INE835G01018,10
77,ALMONDZ,EQ,16-JUN-2008,6,1,INE326B01027,6
78,ALOKINDS,BE,19-FEB-2020,1,1,INE270A01029,1
79,ALPA,EQ,06-AUG-2007,10,1,INE385I01010,10
80,ALPHAGEO,EQ,11-MAY-2007,10,1,INE137C01018,10
81,ALPSINDUS,EQ,24-APR-1996,10,1,INE093B01015,10
82,AMARAJABAT,EQ,05-SEP-2003,1,1,INE885A01032,1
83,AMBER,EQ,30-JAN-2018,10,1,INE371P01015,10
84,AMBICAAGAR,EQ,29-JUN-2004,10,1,INE792B01012,10
85,AMBIKCO,EQ,29-JAN-2008,10,1,INE540G01014,10
86,AMBUJACEM,EQ,18-FEB-1998,2,1,INE079A01024,2
87,AMDIND,EQ,19-MAR-2007,10,1,INE005I01014,10
88,AMIORG,EQ,14-SEP-2021,10,1,INE00FF01017,10
89,AMJLAND,EQ,08-FEB-1995,2,1,INE606A01024,2
90,AMRUTANJAN,EQ,02-JAN-2015,1,1,INE098F01031,1
91,ANANDRATHI,EQ,14-DEC-2021,5,1,INE463V01026,5
92,ANANTRAJ,EQ,27-SEP-2006,2,1,INE242C01024,2
93,ANDHRAPAP,EQ,13-MAY-2004,10,1,INE435A01028,10
94,ANDHRSUGAR,EQ,01-NOV-1995,2,1,INE715B01021,2
95,ANDREWYU,EQ,05-AUG-2021,2,1,INE449C01025,2
96,ANGELONE,EQ,05-OCT-2020,10,1,INE732I01013,10
97,ANIKINDS,EQ,21-MAY-2008,10,1,INE087B01017,10
98,ANKITMETAL,EQ,14-MAR-2013,10,1,INE106I01010,10
99,ANMOL,EQ,04-JUN-2021,10,1,INE02AR01019,10
100,ANTGRAPHIC,EQ,31-DEC-1997,1,1,INE414B01021,1
101,ANUP,EQ,01-MAR-2019,10,1,INE294Z01018,10
102,ANURAS,EQ,24-MAR-2021,10,1,INE930P01018,10
103,APARINDS,EQ,12-JUL-2004,10,1,INE372A01015,10
104,APCL,EQ,10-APR-2017,10,1,INE071F01012,10
105,APCOTEXIND,EQ,06-SEP-1995,2,1,INE116A01032,2
106,APEX,EQ,04-SEP-2017,10,1,INE346W01013,10
107,APLAPOLLO,EQ,14-DEC-2011,2,1,INE702C01027,2
108,APLLTD,EQ,20-SEP-2011,2,1,INE901L01018,2
109,APOLLO,EQ,22-JAN-2018,10,1,INE713T01010,10
110,APOLLOHOSP,EQ,10-JAN-1996,5,1,INE437A01024,5
111,APOLLOPIPE,EQ,11-NOV-2019,10,1,INE126J01016,10
112,APOLLOTYRE,EQ,31-MAY-1995,1,1,INE438A01022,1
113,APOLSINHOT,EQ,28-JAN-2015,5,1,INE451F01024,5
114,APTECHT,EQ,27-SEP-2002,10,1,INE266F01018,10
115,APTUS,EQ,24-AUG-2021,2,1,INE852O01025,2
116,ARCHIDPLY,EQ,04-JUL-2008,10,1,INE877I01016,10
117,ARCHIES,EQ,02-SEP-1998,2,1,INE731A01020,2
118,ARENTERP,EQ,18-OCT-1995,10,1,INE610C01014,10
119,ARIES,EQ,11-JAN-2008,10,1,INE298I01015,10
120,ARIHANTCAP,EQ,15-JUN-2021,1,1,INE420B01036,1
121,ARIHANTSUP,EQ,28-MAR-2017,10,1,INE643K01018,10
122,ARMANFIN,EQ,14-JUN-2016,10,1,INE109C01017,10
123,AROGRANITE,EQ,24-APR-2007,10,1,INE210C01013,10
124,ARROWGREEN,EQ,21-MAY-2015,10,1,INE570D01018,10
125,ARSHIYA,EQ,14-DEC-2009,2,1,INE968D01022,2
126,ARSSINFRA,BE,03-MAR-2010,10,1,INE267I01010,10
127,ARTEMISMED,EQ,23-JAN-2020,1,1,INE025R01021,1
128,ARTNIRMAN,EQ,18-OCT-2021,10,1,INE738V01013,10
129,ARVEE,EQ,22-MAR-2021,10,1,INE006Z01016,10
130,ARVIND,EQ,08-FEB-1995,10,1,INE034A01011,10
131,ARVINDFASN,EQ,08-MAR-2019,4,1,INE955V01021,4
132,ARVSMART,EQ,26-AUG-2015,10,1,INE034S01021,10
133,ASAHIINDIA,EQ,18-MAR-1998,1,1,INE439A01020,1
134,ASAHISONG,EQ,29-AUG-2011,10,1,INE228I01012,10
135,ASAL,EQ,12-MAR-2002,10,1,INE900C01027,10
136,ASALCBR,EQ,12-FEB-2020,10,1,INE073G01016,10
137,ASHAPURMIN,EQ,20-SEP-1995,2,1,INE348A01023,2
138,ASHIANA,EQ,29-JUN-2011,2,1,INE365D01021,2
139,ASHIMASYN,EQ,27-JUL-1995,10,1,INE440A01010,10
140,ASHOKA,EQ,14-OCT-2010,5,1,INE442H01029,5
141,ASHOKLEY,EQ,25-MAY-1995,1,1,INE208A01029,1
142,ASIANENE,EQ,09-DEC-2021,10,1,INE276G01015,10
143,ASIANHOTNR,EQ,07-APR-2010,10,1,INE363A01022,10
144,ASIANPAINT,EQ,31-MAY-1995,1,1,INE021A01026,1
145,ASIANTILES,EQ,23-AUG-2007,10,1,INE022I01019,10
146,ASPINWALL,EQ,14-JUN-2016,10,1,INE991I01015,10
147,ASTEC,EQ,25-NOV-2009,10,1,INE563J01010,10
148,ASTERDM,EQ,26-FEB-2018,10,1,INE914M01019,10
149,ASTRAL,EQ,20-MAR-2007,1,1,INE006I01046,1
150,ASTRAMICRO,EQ,01-NOV-2004,2,1,INE386C01029,2
151,ASTRAZEN,EQ,04-MAY-2001,2,1,INE203A01020,2
152,ASTRON,EQ,29-DEC-2017,10,1,INE646X01014,10
153,ATFL,EQ,06-DEC-2002,10,1,INE209A01019,10
154,ATGL,EQ,05-NOV-2018,1,1,INE399L01023,1
155,ATLANTA,BE,25-SEP-2006,2,1,INE285H01022,2
156,ATUL,EQ,06-MAY-1998,10,1,INE100A01010,10
157,ATULAUTO,EQ,26-JUN-2013,5,1,INE951D01028,5
158,AUBANK,EQ,10-JUL-2017,10,1,INE949L01017,10
159,AURIONPRO,EQ,25-OCT-2005,10,1,INE132H01018,10
160,AUROPHARMA,EQ,19-JUL-2000,1,1,INE406A01037,1
161,AURUM,EQ,19-AUG-2015,5,1,INE898S01029,5
162,AUSOMENT,EQ,17-APR-1996,10,1,INE218C01016,10
163,AUTOAXLES,EQ,29-MAY-2003,10,1,INE449A01011,10
164,AUTOIND,EQ,31-JAN-2007,10,1,INE718H01014,10
165,AVADHSUGAR,EQ,28-JUL-2017,10,1,INE349W01017,10
166,AVANTIFEED,EQ,15-APR-2015,1,1,INE871C01038,1
167,AVROIND,EQ,07-APR-2022,10,1,INE652Z01017,10
168,AVTNPL,EQ,10-JAN-2007,1,1,INE488D01021,1
169,AWHCL,EQ,01-JAN-2021,5,1,INE01BK01022,5
170,AWL,EQ,08-FEB-2022,1,1,INE699H01024,1
171,AXISBANK,EQ,16-NOV-1998,2,1,INE238A01034,2
172,AXISCADES,EQ,21-DEC-2000,5,1,INE555B01013,5
173,AXITA,EQ,21-JUN-2022,1,1,INE02EZ01022,1
174,AYMSYNTEX,EQ,14-AUG-2015,10,1,INE193B01039,10
175,BAFNAPH,BE,27-FEB-2020,10,1,INE878I01022,10
176,BAGFILMS,EQ,17-OCT-2003,2,1,INE116D01028,2
177,BAJAJ-AUTO,EQ,26-MAY-2008,10,1,INE917I01010,10
178,BAJAJCON,EQ,18-AUG-2010,1,1,INE933K01021,1
179,BAJAJELEC,EQ,02-NOV-2007,2,1,INE193E01025,2
180,BAJAJFINSV,EQ,26-MAY-2008,1,1,INE918I01026,1
181,BAJAJHCARE,EQ,25-NOV-2021,5,1,INE411U01027,5
182,BAJAJHIND,EQ,10-MAY-1995,1,1,INE306A01021,1
183,BAJAJHLDNG,EQ,15-MAR-1995,10,1,INE118A01012,10
184,BAJFINANCE,EQ,01-APR-2003,2,1,INE296A01024,2
185,BALAJITELE,EQ,22-NOV-2000,2,1,INE794B01026,2
186,BALAMINES,EQ,05-APR-2007,2,1,INE050E01027,2
187,BALAXI,EQ,30-NOV-2015,10,1,INE618N01014,10
188,BALKRISHNA,EQ,28-JUL-2015,10,1,INE875R01011,10
189,BALKRISIND,EQ,27-JAN-2006,2,1,INE787D01026,2
190,BALLARPUR,BZ,31-MAR-2008,2,1,INE294A01037,2
191,BALMLAWRIE,EQ,06-JUL-1995,10,1,INE164A01016,10
192,BALPHARMA,EQ,08-MAY-2006,10,1,INE083D01012,10
193,BALRAMCHIN,EQ,08-FEB-1995,1,1,INE119A01028,1
194,BANARBEADS,EQ,07-JUL-1995,10,1,INE655B01011,10
195,BANARISUG,EQ,28-MAY-2003,10,1,INE459A01010,10
196,BANCOINDIA,EQ,22-DEC-2006,2,1,INE213C01025,2
197,BANDHANBNK,EQ,27-MAR-2018,10,1,INE545U01014,10
198,BANG,EQ,20-FEB-2008,10,1,INE863I01016,10
199,BANKA,EQ,29-OCT-2020,10,1,INE862Y01015,10
200,BANKBARODA,EQ,19-FEB-1997,2,1,INE028A01039,2
201,BANKINDIA,EQ,30-APR-1997,10,1,INE084A01016,10
202,BANSWRAS,EQ,11-APR-2007,5,1,INE629D01020,5
203,BARBEQUE,EQ,07-APR-2021,5,1,INE382M01027,5
204,BASF,EQ,17-MAY-1995,10,1,INE373A01013,10
205,BASML,EQ,14-NOV-2005,5,1,INE186H01022,5
206,BATAINDIA,EQ,18-JUN-2003,5,1,INE176A01028,5
207,BAYERCROP,EQ,08-JAN-2010,10,1,INE462A01022,10
208,BBL,EQ,21-NOV-2006,10,1,INE464A01028,10
209,BBOX,EQ,22-JUL-2003,2,1,INE676A01027,2
210,BBTC,EQ,03-APR-1996,2,1,INE050A01025,2
211,BBTCL,EQ,23-NOV-2022,10,1,INE01EE01011,10
212,BCG,EQ,08-MAY-2015,2,1,INE425B01027,2
213,BCLIND,EQ,04-MAR-2021,10,1,INE412G01016,10
214,BCONCEPTS,BE,11-JAN-2022,10,1,INE977Y01011,10
215,BCP,EQ,19-AUG-2019,2,1,INE905P01028,2
216,BDL,EQ,23-MAR-2018,10,1,INE171Z01018,10
217,BEARDSELL,EQ,13-JAN-2015,2,1,INE520H01022,2
218,BECTORFOOD,EQ,24-DEC-2020,10,1,INE495P01012,10
219,BEDMUTHA,EQ,14-OCT-2010,10,1,INE844K01012,10
220,BEL,EQ,19-JUL-2000,1,1,INE263A01024,1
221,BEML,EQ,05-NOV-2003,10,1,INE258A01016,10
222,BEPL,EQ,21-MAR-2005,1,1,INE922A01025,1
223,BERGEPAINT,EQ,24-NOV-1999,1,1,INE463A01038,1
224,BESTAGRO,EQ,22-FEB-2021,10,1,INE052T01013,10
225,BFINVEST,EQ,14-JAN-2011,5,1,INE878K01010,5
226,BFUTILITIE,EQ,03-MAY-2007,5,1,INE243D01012,5
227,BGRENERGY,EQ,03-JAN-2008,10,1,INE661I01014,10
228,BHAGCHEM,EQ,18-OCT-2021,10,1,INE414D01019,10
229,BHAGERIA,EQ,02-MAR-2016,5,1,INE354C01027,5
230,BHAGYANGR,EQ,17-MAY-2017,2,1,INE458B01036,2
231,BHANDARI,EQ,30-JAN-2017,1,1,INE474E01029,1
232,BHARATFORG,EQ,04-APR-2003,2,1,INE465A01025,2
233,BHARATGEAR,EQ,03-APR-1996,10,1,INE561C01019,10
234,BHARATRAS,EQ,11-OCT-1995,10,1,INE838B01013,10
235,BHARATWIRE,EQ,01-APR-2016,10,1,INE316L01019,10
236,BHARTIARTL,EQ,15-FEB-2002,5,1,INE397D01024,5
237,BHEL,EQ,11-NOV-2003,2,1,INE257A01026,2
238,BIGBLOC,EQ,02-SEP-2016,2,1,INE412U01025,2
239,BIKAJI,EQ,16-NOV-2022,1,1,INE00E101023,1
240,BIL,EQ,12-APR-2000,10,1,INE828A01016,10
241,BINDALAGRO,EQ,28-AUG-1996,10,1,INE143A01010,10
242,BIOCON,EQ,07-APR-2004,5,1,INE376G01013,5
243,BIOFILCHEM,EQ,12-JUN-1996,10,1,INE829A01014,10
244,BIRLACABLE,EQ,06-DEC-1995,10,1,INE800A01015,10
245,BIRLACORPN,EQ,12-APR-1995,10,1,INE340A01012,10
246,BIRLAMONEY,EQ,07-FEB-2008,1,1,INE865C01022,1
247,BKMINDST,BZ,30-MAR-2015,1,1,INE831Q01016,1
248,BLBLIMITED,EQ,31-MAY-2000,1,1,INE791A01024,1
249,BLISSGVS,EQ,26-JUL-2010,1,1,INE416D01022,1
250,BLKASHYAP,EQ,17-MAR-2006,1,1,INE350H01032,1
251,BLS,EQ,14-JUN-2016,1,1,INE153T01027,1
252,BLUECOAST,BE,16-FEB-2000,10,1,INE472B01011,10
253,BLUEDART,EQ,12-DEC-2002,10,1,INE233B01017,10
254,BLUESTARCO,EQ,15-JUN-2000,2,1,INE472A01039,2
255,BODALCHEM,EQ,22-AUG-2011,2,1,INE338D01028,2
256,BOHRAIND,BE,27-OCT-2022,10,1,INE802W01023,10
257,BOMDYEING,EQ,26-APR-1995,2,1,INE032A01023,2
258,BOROLTD,EQ,22-JUL-2020,1,1,INE02PY01013,1
259,BORORENEW,EQ,25-MAY-2018,1,1,INE666D01022,1
260,BOSCHLTD,EQ,12-MAY-2003,10,1,INE323A01026,10
261,BPCL,EQ,13-SEP-1995,10,1,INE029A01011,10
262,BPL,EQ,14-JUN-1995,10,1,INE110A01019,10
263,BRIGADE,EQ,31-DEC-2007,10,1,INE791I01019,10
264,BRITANNIA,EQ,05-NOV-1998,1,1,INE216A01030,1
265,BRNL,EQ,18-SEP-2017,10,1,INE727S01012,10
266,BROOKS,EQ,05-SEP-2011,10,1,INE650L01011,10
267,BSE,EQ,03-FEB-2017,2,1,INE118H01025,2
268,BSHSL,BE,28-OCT-2020,1,1,INE032Z01020,1
269,BSL,BE,27-JUL-1995,10,1,INE594B01012,10
270,BSOFT,EQ,24-NOV-1999,2,1,INE836A01035,2
271,BURNPUR,EQ,03-JAN-2008,10,1,INE817H01014,10
272,BUTTERFLY,EQ,28-APR-2014,10,1,INE295F01017,10
273,BVCL,EQ,23-NOV-2007,10,1,INE139I01011,10
274,BYKE,EQ,15-APR-2015,10,1,INE319B01014,10
275,CALSOFT,EQ,28-JUN-2000,10,1,INE526B01014,10
276,CAMLINFINE,EQ,20-JAN-2015,1,1,INE052I01032,1
277,CAMPUS,EQ,09-MAY-2022,5,1,INE278Y01022,5
278,CAMS,EQ,07-MAY-2021,10,1,INE596I01012,10
279,CANBK,EQ,23-DEC-2002,10,1,INE476A01014,10
280,CANFINHOME,EQ,10-MAY-1995,2,1,INE477A01020,2
281,CANTABIL,EQ,12-OCT-2010,10,1,INE068L01016,10
282,CAPACITE,EQ,25-SEP-2017,10,1,INE264T01014,10
283,CAPLIPOINT,EQ,23-JUN-2014,2,1,INE475E01026,2
284,CAPTRUST,EQ,16-JAN-2017,10,1,INE707C01018,10
285,CARBORUNIV,EQ,03-APR-1996,1,1,INE120A01034,1
286,CAREERP,EQ,06-OCT-2010,10,1,INE521J01018,10
287,CARERATING,EQ,26-DEC-2012,10,1,INE752H01013,10
288,CARTRADE,EQ,20-AUG-2021,10,1,INE290S01011,10
289,CARYSIL,EQ,14-JAN-2021,2,1,INE482D01024,2
290,CASTROLIND,EQ,14-MAR-2014,5,1,INE172A01027,5
291,CCHHL,EQ,03-FEB-2015,2,1,INE652F01027,2
292,CCL,EQ,07-JUN-2004,2,1,INE421D01022,2
293,CDSL,EQ,30-JUN-2017,10,1,INE736A01011,10
294,CEATLTD,EQ,01-FEB-2008,10,1,INE482A01020,10
295,CELEBRITY,EQ,12-JAN-2006,10,1,INE185H01016,10
296,CENTENKA,EQ,10-MAY-1995,10,1,INE485A01015,10
297,CENTEXT,EQ,20-JUL-2004,1,1,INE281A01026,1
298,CENTRALBK,EQ,21-AUG-2007,10,1,INE483A01010,10
299,CENTRUM,EQ,04-APR-2018,1,1,INE660C01027,1
300,CENTUM,EQ,05-OCT-2007,10,1,INE320B01020,10
301,CENTURYPLY,EQ,23-MAR-2006,1,1,INE348B01021,1
302,CENTURYTEX,EQ,27-JUN-2003,10,1,INE055A01016,10
303,CERA,EQ,02-NOV-2007,5,1,INE739E01017,5
304,CEREBRAINT,EQ,26-JUN-2013,10,1,INE345B01019,10
305,CESC,EQ,08-FEB-1995,1,1,INE486A01021,1
306,CGCL,EQ,29-OCT-2010,2,1,INE180C01026,2
307,CGPOWER,EQ,01-MAR-1995,2,1,INE067A01029,2
308,CHALET,EQ,07-FEB-2019,10,1,INE427F01016,10
309,CHAMBLFERT,EQ,14-JUN-1995,10,1,INE085A01013,10
310,CHEMBOND,EQ,20-NOV-2019,5,1,INE995D01025,5
311,CHEMCON,EQ,01-OCT-2020,10,1,INE03YM01018,10
312,CHEMFAB,EQ,25-APR-2018,10,1,INE783X01023,10
313,CHEMPLASTS,EQ,24-AUG-2021,5,1,INE488A01050,5
314,CHENNPETRO,EQ,07-JUN-2000,10,1,INE178A01016,10
315,CHEVIOT,EQ,20-JUN-2022,10,1,INE974B01016,10
316,CHOICEIN,EQ,08-APR-2022,10,1,INE102B01014,10
317,CHOLAFIN,EQ,15-MAY-1996,2,1,INE121A01024,2
318,CHOLAHLDNG,EQ,25-SEP-2017,1,1,INE149A01033,1
319,CIGNITITEC,EQ,13-OCT-2014,10,1,INE675C01017,10
320,CINELINE,EQ,13-JUN-2012,5,1,INE704H01022,5
321,CINEVISTA,EQ,02-MAY-2000,2,1,INE039B01026,2
322,CIPLA,EQ,08-FEB-1995,2,1,INE059A01026,2
323,CLEAN,EQ,19-JUL-2021,1,1,INE227W01023,1
324,CLEDUCATE,EQ,31-MAR-2017,5,1,INE201M01029,5
325,CLNINDIA,EQ,14-JUN-1995,10,1,INE492A01029,10
326,CLSEL,EQ,12-MAY-2021,2,1,INE419D01026,2
327,CMICABLES,EQ,29-NOV-2016,10,1,INE981B01011,10
328,CMSINFO,EQ,31-DEC-2021,10,1,INE925R01014,10
329,COALINDIA,EQ,04-NOV-2010,10,1,INE522F01014,10
330,COASTCORP,EQ,08-OCT-2021,10,1,INE377E01016,10
331,COCHINSHIP,EQ,11-AUG-2017,10,1,INE704P01017,10
332,COFFEEDAY,EQ,02-NOV-2015,10,1,INE335K01011,10
333,COFORGE,EQ,30-AUG-2004,10,1,INE591G01017,10
334,COLPAL,EQ,17-DEC-2007,1,1,INE259A01022,1
335,COMPINFO,EQ,07-JUL-2016,2,1,INE070C01037,2
336,COMPUSOFT,EQ,02-MAR-2012,2,1,INE453B01029,2
337,CONCOR,EQ,07-MAY-1997,5,1,INE111A01025,5
338,CONFIPET,EQ,13-JUN-2019,1,1,INE552D01024,1
339,CONSOFINVT,EQ,29-MAR-2005,10,1,INE025A01027,10
340,CONTROLPR,EQ,24-JUN-2016,10,1,INE663B01015,10
341,CORALFINAC,EQ,25-MAR-1996,2,1,INE558D01021,2
342,CORDSCABLE,EQ,13-FEB-2008,10,1,INE792I01017,10
343,COROMANDEL,EQ,31-MAY-1995,1,1,INE169A01031,1
344,COSMOFIRST,EQ,25-MAY-1995,10,1,INE757A01017,10
345,COUNCODOS,BE,22-JAN-2009,1,1,INE695B01025,1
346,CRAFTSMAN,EQ,25-MAR-2021,5,1,INE00LO01017,5
347,CREATIVE,EQ,05-AUG-2019,10,1,INE985W01018,10
348,CREATIVEYE,EQ,20-DEC-2000,5,1,INE230B01021,5
349,CREDITACC,EQ,23-AUG-2018,10,1,INE741K01010,10
350,CREST,EQ,27-DEC-2006,10,1,INE559D01011,10
351,CRISIL,EQ,28-JUN-1995,1,1,INE007A01025,1
352,CROMPTON,EQ,13-MAY-2016,2,1,INE299U01018,2
353,CROWN,BE,08-FEB-2022,10,1,INE491V01019,10
354,CSBBANK,EQ,04-DEC-2019,10,1,INE679A01013,10
355,CSLFINANCE,EQ,21-JUL-2022,10,1,INE718F01018,10
356,CTE,EQ,07-FEB-2007,10,1,INE627H01017,10
357,CUB,EQ,25-AUG-1998,1,1,INE491A01021,1
358,CUBEXTUB,EQ,24-APR-1996,10,1,INE144D01012,10
359,CUMMINSIND,EQ,29-MAR-1995,2,1,INE298A01020,2
360,CUPID,EQ,16-SEP-2016,10,1,INE509F01011,10
361,CYBERMEDIA,EQ,10-JUN-2005,10,1,INE278G01037,10
362,CYBERTECH,EQ,27-JAN-1999,10,1,INE214A01019,10
363,CYIENT,EQ,30-SEP-1998,5,1,INE136B01020,5
364,DAAWAT,EQ,18-DEC-2006,1,1,INE818H01020,1
365,DABUR,EQ,28-APR-1999,1,1,INE016A01026,1
366,DALBHARAT,EQ,22-JAN-2019,2,1,INE00R701025,2
367,DALMIASUG,EQ,17-JAN-1996,2,1,INE495A01022,2
368,DAMODARIND,EQ,04-JUL-2016,5,1,INE497D01022,5
369,DANGEE,EQ,13-NOV-2020,1,1,INE688Y01022,1
370,DATAMATICS,EQ,07-MAY-2004,5,1,INE365B01017,5
371,DATAPATTNS,EQ,24-DEC-2021,2,1,INE0IX101010,2
372,DBCORP,EQ,06-JAN-2010,10,1,INE950I01011,10
373,DBL,EQ,11-AUG-2016,10,1,INE917M01012,10
374,DBOL,EQ,08-SEP-2022,10,1,INE0I3401014,10
375,DBREALTY,EQ,24-FEB-2010,10,1,INE879I01012,10
376,DBSTOCKBRO,EQ,29-FEB-2012,2,1,INE921B01025,2
377,DCAL,EQ,21-SEP-2017,2,1,INE385W01011,2
378,DCBBANK,EQ,27-OCT-2006,10,1,INE503A01015,10
379,DCI,BE,19-OCT-2022,10,1,INE0A1101019,10
380,DCM,EQ,29-MAR-1995,10,1,INE498A01018,10
381,DCMFINSERV,EQ,21-MAY-1997,10,1,INE891B01012,10
382,DCMNVL,EQ,16-JUL-2019,10,1,INE08KP01019,10
383,DCMSHRIRAM,EQ,12-APR-1995,2,1,INE499A01024,2
384,DCMSRIND,EQ,24-DEC-2021,2,1,INE843D01027,2
385,DCW,EQ,25-MAY-1995,2,1,INE500A01029,2
386,DCXINDIA,EQ,11-NOV-2022,2,1,INE0KL801015,2
387,DECCANCE,EQ,02-AUG-2007,5,1,INE583C01021,5
388,DEEPAKFERT,EQ,17-JAN-2003,10,1,INE501A01019,10
389,DEEPAKNTR,EQ,29-SEP-2010,2,1,INE288B01029,2
390,DEEPENR,EQ,09-MAR-2010,10,1,INE677H01012,10
391,DEEPINDS,EQ,27-APR-2021,10,1,INE0FHS01016,10
392,DELHIVERY,EQ,24-MAY-2022,1,1,INE148O01028,1
393,DELPHIFX,EQ,28-JUN-2011,10,1,INE726L01019,10
394,DELTACORP,EQ,02-NOV-2007,1,1,INE124G01033,1
395,DELTAMAGNT,EQ,18-OCT-1995,10,1,INE393A01011,10
396,DEN,EQ,24-NOV-2009,10,1,INE947J01015,10
397,DENORA,EQ,07-AUG-1997,10,1,INE244A01016,10
398,DEVIT,EQ,15-FEB-2022,5,1,INE060X01026,5
399,DEVYANI,EQ,16-AUG-2021,1,1,INE872J01023,1
400,DFMFOODS,EQ,29-DEC-2016,2,1,INE456C01020,2
401,DGCONTENT,EQ,18-JUN-2019,2,1,INE03JI01017,2
402,DHAMPURSUG,EQ,29-MAR-1995,10,1,INE041A01016,10
403,DHANBANK,EQ,01-APR-2004,10,1,INE680A01011,10
404,DHANI,EQ,02-APR-2008,2,1,INE274G01010,2
405,DHANUKA,EQ,29-JUN-2011,2,1,INE435G01025,2
406,DHARMAJ,EQ,08-DEC-2022,10,1,INE00OQ01016,10
407,DHARSUGAR,BZ,22-MAY-1996,10,1,INE988C01014,10
408,DHRUV,EQ,25-NOV-2021,10,1,INE506Z01015,10
409,DHUNINV,EQ,18-MAR-2011,10,1,INE320L01011,10
410,DIAMONDYD,EQ,05-OCT-2017,5,1,INE393P01035,5
411,DICIND,EQ,30-AUG-1995,10,1,INE303A01010,10
412,DIGISPICE,EQ,27-MAY-2008,3,1,INE927C01020,3
413,DIL,EQ,31-MAR-2022,10,1,INE411Y01011,10
414,DISHTV,EQ,18-APR-2007,1,1,INE836F01026,1
415,DIVISLAB,EQ,12-MAR-2003,2,1,INE361B01024,2
416,DIXON,EQ,18-SEP-2017,2,1,INE935N01020,2
417,DJML,EQ,05-DEC-2022,10,1,INE0B1K01014,10
418,DLF,EQ,05-JUL-2007,2,1,INE271C01023,2
419,DLINKINDIA,EQ,18-DEC-2009,2,1,INE250K01012,2
420,DMART,EQ,21-MAR-2017,10,1,INE192R01011,10
421,DMCC,EQ,01-DEC-2021,10,1,INE505A01010,10
422,DNAMEDIA,EQ,11-DEC-2017,1,1,INE016M01021,1
423,DODLA,EQ,28-JUN-2021,10,1,INE021O01019,10
424,DOLATALGO,EQ,19-AUG-2019,1,1,INE966A01022,1
425,DOLLAR,EQ,21-APR-2017,2,1,INE325C01035,2
426,DONEAR,EQ,20-DEC-2006,2,1,INE668D01028,2
427,DPABHUSHAN,EQ,03-NOV-2020,10,1,INE266Y01019,10
428,DPSCLTD,EQ,21-APR-2008,1,1,INE360C01024,1
429,DPWIRES,EQ,17-JAN-2020,10,1,INE864X01013,10
430,DRCSYSTEMS,BE,10-MAR-2021,1,1,INE03RS01027,1
431,DREAMFOLKS,EQ,06-SEP-2022,2,1,INE0JS101016,2
432,DREDGECORP,EQ,15-JAN-2004,10,1,INE506A01018,10
433,DRREDDY,EQ,30-MAY-2003,5,1,INE089A01023,5
434,DSSL,EQ,01-DEC-2011,10,1,INE417B01040,10
435,DTIL,EQ,20-JAN-2015,10,1,INE341R01014,10
436,DUCON,EQ,09-OCT-2012,1,1,INE741L01018,1
437,DVL,EQ,11-JAN-2008,10,1,INE477B01010,10
438,DWARKESH,EQ,31-DEC-2004,1,1,INE366A01041,1
439,DYCL,EQ,27-JUL-2022,10,1,INE600Y01019,10
440,DYNAMATECH,EQ,14-SEP-2006,10,1,INE221B01012,10
441,DYNPRO,EQ,19-JUL-2017,10,1,INE256H01015,10
442,E2E,EQ,12-APR-2022,10,1,INE255Z01019,10
443,EASEMYTRIP,EQ,19-MAR-2021,1,1,INE07O001026,1
444,EASTSILK,BE,03-JUL-1996,2,1,INE962C01027,2
445,ECLERX,EQ,31-DEC-2007,10,1,INE738I01010,10
446,EDELWEISS,EQ,12-DEC-2007,1,1,INE532F01054,1
447,EDUCOMP,BZ,13-JAN-2006,2,1,INE216H01027,2
448,EICHERMOT,EQ,07-SEP-2004,1,1,INE066A01021,1
449,EIDPARRY,EQ,10-MAY-1995,1,1,INE126A01031,1
450,EIFFL,EQ,12-OCT-2021,10,1,INE546V01010,10
451,EIHAHOTELS,EQ,08-APR-2008,10,1,INE276C01014,10
452,EIHOTEL,EQ,08-FEB-1995,2,1,INE230A01023,2
453,EIMCOELECO,EQ,17-APR-1996,10,1,INE158B01016,10
454,EKC,EQ,15-DEC-2005,2,1,INE184H01027,2
455,ELDEHSG,EQ,12-APR-2022,2,1,INE668G01021,2
456,ELECON,EQ,29-SEP-2006,2,1,INE205B01023,2
457,ELECTCAST,EQ,20-JUN-2003,1,1,INE086A01029,1
458,ELECTHERM,EQ,20-AUG-2007,10,1,INE822G01016,10
459,ELGIEQUIP,EQ,22-NOV-1995,1,1,INE285A01027,1
460,ELGIRUBCO,EQ,10-AUG-2011,1,1,INE819L01012,1
461,EMAMILTD,EQ,03-AUG-2006,1,1,INE548C01032,1
462,EMAMIPAP,EQ,30-MAY-2019,2,1,INE830C01026,2
463,EMAMIREAL,EQ,28-JUL-2010,2,1,INE778K01012,2
464,EMIL,EQ,17-OCT-2022,10,1,INE02YR01019,10
465,EMKAY,EQ,28-APR-2006,10,1,INE296H01011,10
466,EMMBI,EQ,24-FEB-2010,10,1,INE753K01015,10
467,EMUDHRA,EQ,01-JUN-2022,5,1,INE01QM01018,5
468,ENDURANCE,EQ,19-OCT-2016,10,1,INE913H01037,10
469,ENERGYDEV,EQ,02-NOV-2007,10,1,INE306C01019,10
470,ENGINERSIN,EQ,20-AUG-1997,5,1,INE510A01028,5
471,ENIL,EQ,15-FEB-2006,10,1,INE265F01028,10
472,EPL,EQ,11-FEB-2002,2,1,INE255A01020,2
473,EQUIPPP,BE,19-MAY-2021,1,1,INE217G01035,1
474,EQUITAS,EQ,21-APR-2016,10,1,INE988K01017,10
475,EQUITASBNK,EQ,02-NOV-2020,10,1,INE063P01018,10
476,ERIS,EQ,29-JUN-2017,1,1,INE406M01024,1
477,EROSMEDIA,EQ,06-OCT-2010,10,1,INE416L01017,10
478,ESABINDIA,EQ,01-NOV-1995,10,1,INE284A01012,10
479,ESCORTS,EQ,01-MAR-1995,10,1,INE042A01014,10
480,ESSARSHPNG,EQ,15-NOV-2011,10,1,INE122M01019,10
481,ESSENTIA,BE,20-AUG-2013,1,1,INE418N01035,1
482,ESTER,EQ,20-JUN-2011,5,1,INE778B01029,5
483,ETHOSLTD,EQ,30-MAY-2022,10,1,INE04TZ01018,10
484,EUROTEXIND,EQ,31-JAN-1996,10,1,INE022C01012,10
485,EVEREADY,EQ,27-APR-2005,5,1,INE128A01029,5
486,EVERESTIND,EQ,29-MAR-1995,10,1,INE295A01018,10
487,EXCEL,BE,03-AUG-2009,1,1,INE688J01023,1
488,EXCELINDUS,EQ,16-JUN-2004,5,1,INE369A01029,5
489,EXIDEIND,EQ,17-JUN-2003,1,1,INE302A01020,1
490,EXPLEOSOL,EQ,26-OCT-2009,10,1,INE201K01015,10
491,EXXARO,EQ,16-AUG-2021,10,1,INE0GFE01018,10
492,FACT,EQ,12-APR-1995,10,1,INE188A01015,10
493,FAIRCHEMOR,EQ,24-DEC-2020,10,1,INE0DNW01011,10
494,FAZE3Q,EQ,18-NOV-2022,10,1,INE963C01033,10
495,FCL,EQ,15-JAN-2015,2,1,INE045J01026,2
496,FCONSUMER,EQ,04-JUL-2013,6,1,INE220J01025,6
497,FCSSOFT,EQ,21-SEP-2005,1,1,INE512B01022,1
498,FDC,EQ,07-AUG-1997,1,1,INE258B01022,1
499,FEDERALBNK,EQ,08-FEB-1995,2,1,INE171A01029,2
500,FEL,EQ,05-NOV-2001,2,1,INE623B01027,2
501,FELDVR,EQ,13-FEB-2009,2,1,IN9623B01058,2
502,FIBERWEB,EQ,16-FEB-2022,10,1,INE296C01020,10
503,FIEMIND,EQ,19-OCT-2006,10,1,INE737H01014,10
504,FILATEX,EQ,29-AUG-2011,2,1,INE816B01027,2
505,FINCABLES,EQ,15-FEB-1995,2,1,INE235A01022,2
506,FINEORG,EQ,02-JUL-2018,5,1,INE686Y01026,5
507,FINOPB,EQ,12-NOV-2021,10,1,INE02NC01014,10
508,FINPIPE,EQ,08-FEB-1995,2,1,INE183A01024,2
509,FIVESTAR,EQ,21-NOV-2022,1,1,INE128S01021,1
510,FLEXITUFF,BE,19-OCT-2011,10,1,INE060J01017,10
511,FLFL,EQ,01-OCT-2013,2,1,INE452O01016,2
512,FLUOROCHEM,EQ,16-OCT-2019,1,1,INE09N301011,1
513,FMGOETZE,EQ,08-FEB-1995,10,1,INE529A01010,10
514,FMNL,EQ,31-DEC-2010,10,1,INE360L01017,10
515,FOCUS,EQ,24-NOV-2021,10,1,INE593W01010,10
516,FOODSIN,BE,16-NOV-2021,1,1,INE976E01023,1
517,FORCEMOT,EQ,03-NOV-1994,10,1,INE451A01017,10
518,FORTIS,EQ,09-MAY-2007,10,1,INE061F01013,10
519,FOSECOIND,EQ,05-MAY-2003,10,1,INE519A01011,10
520,FSC,BE,18-DEC-2017,10,1,INE935Q01015,10
521,FSL,EQ,22-FEB-2007,10,1,INE684F01012,10
522,FUSION,EQ,15-NOV-2022,10,1,INE139R01012,10
523,GABRIEL,EQ,20-APR-2005,1,1,INE524A01029,1
524,GAEL,EQ,11-OCT-2000,1,1,INE036B01030,1
525,GAIL,EQ,02-APR-1997,10,1,INE129A01019,10
526,GAL,EQ,27-OCT-2010,1,1,INE482J01021,1
527,GALAXYSURF,EQ,08-FEB-2018,10,1,INE600K01018,10
528,GALLANTT,EQ,04-APR-2006,10,1,INE297H01019,10
529,GANDHITUBE,EQ,31-JAN-2007,5,1,INE524B01027,5
530,GANECOS,EQ,09-MAR-2015,10,1,INE845D01014,10
531,GANESHBE,EQ,16-SEP-2021,1,1,INE388A01029,1
532,GANESHHOUC,EQ,02-MAR-2007,10,1,INE460C01014,10
533,GANGAFORGE,EQ,06-JUL-2021,1,1,INE691Z01023,1
534,GANGESSECU,EQ,28-JUL-2017,10,1,INE335W01016,10
535,GARFIBRES,EQ,03-APR-2007,10,1,INE276A01018,10
536,GATEWAY,EQ,22-MAR-2022,10,1,INE079J01017,10
537,GATI,EQ,10-OCT-2006,2,1,INE152B01027,2
538,GAYAHWS,EQ,28-JUN-2018,2,1,INE287Z01012,2
539,GAYAPROJ,BE,22-AUG-2011,2,1,INE336H01023,2
540,GEECEE,EQ,04-OCT-2006,10,1,INE916G01016,10
541,GEEKAYWIRE,EQ,06-MAR-2020,10,1,INE669X01016,10
542,GENCON,EQ,16-FEB-2021,5,1,INE854S01022,5
543,GENESYS,EQ,23-JAN-2003,5,1,INE727B01026,5
544,GENUSPAPER,EQ,16-FEB-2015,1,1,INE949P01018,1
545,GENUSPOWER,EQ,08-JUL-2005,1,1,INE955D01029,1
546,GEOJITFSL,EQ,01-JUL-2005,1,1,INE007B01023,1
547,GEPIL,EQ,19-APR-2000,10,1,INE878A01011,10
548,GESHIP,EQ,27-NOV-2006,10,1,INE017A01032,10
549,GET&D,EQ,30-JUN-2008,2,1,INE200A01026,2
550,GFLLIMITED,EQ,25-MAY-1995,1,1,INE538A01037,1
551,GHCL,EQ,31-JUL-2003,10,1,INE539A01019,10
552,GICHSGFIN,EQ,08-MAY-1996,10,1,INE289B01019,10
553,GICRE,EQ,25-OCT-2017,5,1,INE481Y01014,5
554,GILLANDERS,EQ,14-DEC-2009,10,1,INE047B01011,10
555,GILLETTE,EQ,30-JUL-2003,10,1,INE322A01010,10
556,GINNIFILA,EQ,10-MAY-1995,10,1,INE424C01010,10
557,GIPCL,EQ,08-FEB-1995,10,1,INE162A01010,10
558,GKWLIMITED,EQ,20-JUL-2009,10,1,INE528A01020,10
559,GLAND,EQ,20-NOV-2020,1,1,INE068V01023,1
560,GLAXO,EQ,15-DEC-2000,10,1,INE159A01016,10
561,GLENMARK,EQ,07-FEB-2000,1,1,INE935A01035,1
562,GLFL,EQ,08-FEB-1995,10,1,INE540A01017,10
563,GLOBAL,EQ,07-DEC-2020,5,1,INE291W01029,5
564,GLOBALVECT,EQ,27-OCT-2006,10,1,INE792H01019,10
565,GLOBE,EQ,07-OCT-2020,2,1,INE581X01021,2
566,GLOBUSSPR,EQ,23-SEP-2009,10,1,INE615I01010,10
567,GLS,EQ,06-AUG-2021,2,1,INE03Q201024,2
568,GMBREW,EQ,23-AUG-1995,10,1,INE075D01018,10
569,GMDCLTD,EQ,17-DEC-1997,2,1,INE131A01031,2
570,GMMPFAUDLR,EQ,05-MAR-2018,2,1,INE541A01023,2
571,GMRINFRA,EQ,21-AUG-2006,1,1,INE776C01039,1
572,GMRP&UI,EQ,23-MAR-2022,5,1,INE0CU601026,5
573,GNA,EQ,26-SEP-2016,10,1,INE934S01014,10
574,GNFC,EQ,17-MAY-1995,10,1,INE113A01013,10
575,GOACARBON,EQ,05-JUN-2007,10,1,INE426D01013,10
576,GOCLCORP,EQ,26-JUN-2014,2,1,INE077F01035,2
577,GOCOLORS,EQ,30-NOV-2021,10,1,INE0BJS01011,10
578,GODFRYPHLP,EQ,24-JUL-1996,2,1,INE260B01028,2
579,GODHA,EQ,24-DEC-2020,1,1,INE925Y01036,1
580,GODREJAGRO,EQ,16-OCT-2017,10,1,INE850D01014,10
581,GODREJCP,EQ,20-JUN-2001,1,1,INE102D01028,1
582,GODREJIND,EQ,25-FEB-2003,1,1,INE233A01035,1
583,GODREJPROP,EQ,05-JAN-2010,5,1,INE484J01027,5
584,GOENKA,BZ,16-APR-2010,1,1,INE516K01024,1
585,GOKEX,EQ,27-APR-2005,5,1,INE887G01027,5
586,GOKUL,EQ,04-JUN-2008,2,1,INE020J01029,2
587,GOKULAGRO,EQ,11-MAR-2016,2,1,INE314T01025,2
588,GOLDENTOBC,BZ,08-FEB-1995,10,1,INE973A01010,10
589,GOLDIAM,EQ,29-AUG-2005,2,1,INE025B01025,2
590,GOLDTECH,EQ,11-APR-2001,10,1,INE805A01014,10
591,GOODLUCK,EQ,08-JAN-2015,2,1,INE127I01024,2
592,GOODYEAR,EQ,28-DEC-1994,10,1,INE533A01012,10
593,GOYALALUM,EQ,04-NOV-2022,10,1,INE705X01018,10
594,GPIL,EQ,25-APR-2006,5,1,INE177H01021,5
595,GPPL,EQ,09-SEP-2010,10,1,INE517F01014,10
596,GPTINFRA,EQ,11-JUL-2016,10,1,INE390G01014,10
597,GRANULES,EQ,20-JUN-2005,1,1,INE101D01020,1
598,GRAPHITE,EQ,07-FEB-2003,2,1,INE371A01025,2
599,GRASIM,EQ,10-MAY-1995,2,1,INE047A01021,2
600,GRAUWEIL,EQ,05-AUG-2021,1,1,INE266D01021,1
601,GRAVITA,EQ,16-NOV-2010,2,1,INE024L01027,2
602,GREAVESCOT,EQ,09-SEP-2004,2,1,INE224A01026,2
603,GREENLAM,EQ,02-MAR-2015,1,1,INE544R01021,1
604,GREENPANEL,EQ,23-OCT-2019,1,1,INE08ZM01014,1
605,GREENPLY,EQ,06-MAR-1996,1,1,INE461C01038,1
606,GREENPOWER,EQ,08-OCT-2010,10,1,INE999K01014,10
607,GRINDWELL,EQ,11-SEP-2006,5,1,INE536A01023,5
608,GRINFRA,EQ,19-JUL-2021,5,1,INE201P01022,5
609,GRMOVER,EQ,07-SEP-2022,2,1,INE192H01020,2
610,GROBTEA,EQ,14-JUL-2016,10,1,INE646C01018,10
611,GRPLTD,EQ,12-FEB-2015,10,1,INE137I01015,10
612,GRSE,EQ,10-OCT-2018,10,1,INE382Z01011,10
613,GRWRHITECH,EQ,03-FEB-2022,10,1,INE291A01017,10
614,GSCLCEMENT,EQ,15-MAY-2013,10,1,INE542A01039,10
615,GSFC,EQ,06-SEP-1995,2,1,INE026A01025,2
616,GSPL,EQ,16-FEB-2006,10,1,INE246F01010,10
617,GSS,EQ,07-MAR-2008,10,1,INE871H01011,10
618,GTL,EQ,29-MAR-1995,10,1,INE043A01012,10
619,GTLINFRA,EQ,09-NOV-2006,10,1,INE221H01019,10
620,GTPL,EQ,04-JUL-2017,10,1,INE869I01013,10
621,GUFICBIO,EQ,19-OCT-2004,1,1,INE742B01025,1
622,GUJALKALI,EQ,07-AUG-1997,10,1,INE186A01019,10
623,GUJAPOLLO,EQ,04-JUN-2007,10,1,INE826C01016,10
624,GUJGASLTD,EQ,15-SEP-2015,2,1,INE844O01030,2
625,GUJRAFFIA,BE,09-OCT-1996,10,1,INE610B01024,10
626,GULFOILLUB,EQ,31-JUL-2014,2,1,INE635Q01029,2
627,GULFPETRO,EQ,24-SEP-2004,5,1,INE586G01017,5
628,GULPOLY,EQ,28-JAN-2015,1,1,INE255D01024,1
629,GVKPIL,EQ,27-FEB-2006,1,1,INE251H01024,1
630,HAL,EQ,28-MAR-2018,10,1,INE066F01012,10
631,HAPPSTMNDS,EQ,17-SEP-2020,2,1,INE419U01012,2
632,HARDWYN,EQ,12-APR-2022,10,1,INE626Z01011,10
633,HARIOMPIPE,EQ,13-APR-2022,10,1,INE00EV01017,10
634,HARRMALAYA,EQ,08-FEB-1995,10,1,INE544A01019,10
635,HARSHA,EQ,26-SEP-2022,10,1,INE0JUS01029,10
636,HATHWAY,EQ,25-FEB-2010,2,1,INE982F01036,2
637,HATSUN,EQ,20-JUN-2014,1,1,INE473B01035,1
638,HATSUN-RE,BE,19-DEC-2022,1,1,INE473B20019,1
639,HAVELLS,EQ,21-MAR-2001,1,1,INE176B01034,1
640,HAVISHA,BE,16-FEB-2000,2,1,INE293B01029,2
641,HBLPOWER,EQ,04-JAN-2007,1,1,INE292B01021,1
642,HBSL,EQ,23-JUL-2018,10,1,INE550B01022,10
643,HCC,EQ,01-APR-2003,1,1,INE549A01026,1
644,HCG,EQ,30-MAR-2016,10,1,INE075I01017,10
645,HCL-INSYS,EQ,01-JAN-1997,2,1,INE236A01020,2
646,HCLTECH,EQ,06-JAN-2000,2,1,INE860A01027,2
647,HDFC,EQ,23-OCT-1996,2,1,INE001A01036,2
648,HDFCAMC,EQ,06-AUG-2018,5,1,INE127D01025,5
649,HDFCBANK,EQ,08-NOV-1995,1,1,INE040A01034,1
650,HDFCLIFE,EQ,17-NOV-2017,10,1,INE795G01014,10
651,HDIL,BZ,24-JUL-2007,10,1,INE191I01012,10
652,HEADSUP,EQ,14-DEC-2016,10,1,INE759V01019,10
653,HECPROJECT,EQ,30-DEC-2021,10,1,INE558R01013,10
654,HEG,EQ,10-MAY-1995,10,1,INE545A01016,10
655,HEIDELBERG,EQ,15-MAR-1995,10,1,INE578A01017,10
656,HEMIPROP,EQ,22-OCT-2020,10,1,INE0AJG01018,10
657,HERANBA,EQ,05-MAR-2021,10,1,INE694N01015,10
658,HERCULES,EQ,19-FEB-2008,1,1,INE688E01024,1
659,HERITGFOOD,EQ,27-NOV-1996,5,1,INE978A01027,5
660,HEROMOTOCO,EQ,11-APR-2003,2,1,INE158A01026,2
661,HESTERBIO,EQ,13-MAR-2015,10,1,INE782E01017,10
662,HEXATRADEX,EQ,20-APR-2012,2,1,INE750M01017,2
663,HFCL,EQ,09-MAR-2011,1,1,INE548A01028,1
664,HGINFRA,EQ,09-MAR-2018,10,1,INE926X01010,10
665,HGS,EQ,19-JUN-2007,10,1,INE170I01016,10
666,HIKAL,EQ,14-FEB-2001,2,1,INE475B01022,2
667,HIL,EQ,26-APR-1995,10,1,INE557A01011,10
668,HILTON,EQ,24-MAY-2007,10,1,INE788H01017,10
669,HIMATSEIDE,EQ,08-FEB-1995,5,1,INE049A01027,5
670,HINDALCO,EQ,08-JAN-1997,1,1,INE038A01020,1
671,HINDCOMPOS,EQ,08-MAY-1996,5,1,INE310C01029,5
672,HINDCON,EQ,05-JUL-2021,10,1,INE642Y01011,10
673,HINDCOPPER,EQ,15-SEP-2010,5,1,INE531E01026,5
674,HINDMOTORS,BE,21-FEB-2011,5,1,INE253A01025,5
675,HINDOILEXP,EQ,23-SEP-2003,10,1,INE345A01011,10
676,HINDPETRO,EQ,17-JUN-1998,10,1,INE094A01015,10
677,HINDUNILVR,EQ,06-JUL-1995,1,1,INE030A01027,1
678,HINDWAREAP,EQ,26-DEC-2019,2,1,INE05AN01011,2
679,HINDZINC,EQ,21-NOV-2006,2,1,INE267A01025,2
680,HIRECT,EQ,26-DEC-2006,2,1,INE835D01023,2
681,HISARMETAL,EQ,05-JAN-2017,10,1,INE598C01011,10
682,HITECH,EQ,07-MAY-2018,10,1,INE106T01017,10
683,HITECHCORP,EQ,20-DEC-2007,10,1,INE120D01012,10
684,HITECHGEAR,EQ,21-JAN-2002,10,1,INE127B01011,10
685,HLEGLAS,EQ,22-FEB-2021,2,1,INE461D01028,2
686,HLVLTD,EQ,19-JUL-1995,2,1,INE102A01024,2
687,HMT,BZ,29-AUG-2003,10,1,INE262A01018,10
688,HMVL,EQ,21-JUL-2010,10,1,INE871K01015,10
689,HNDFDS,BE,19-AUG-2019,2,1,INE254N01026,2
690,HOMEFIRST,EQ,03-FEB-2021,2,1,INE481N01025,2
691,HONAUT,EQ,18-JUL-2003,10,1,INE671A01010,10
692,HONDAPOWER,EQ,01-APR-2003,10,1,INE634A01018,10
693,HOVS,EQ,27-SEP-2006,10,1,INE596H01014,10
694,HPAL,EQ,27-DEC-2021,10,1,INE0GSL01016,10
695,HPIL,EQ,07-NOV-2022,10,1,INE05X901010,10
696,HPL,EQ,04-OCT-2016,10,1,INE495S01016,10
697,HSCL,EQ,02-MAR-2007,1,1,INE019C01026,1
698,HTMEDIA,EQ,01-SEP-2005,2,1,INE501G01024,2
699,HUBTOWN,EQ,07-FEB-2007,10,1,INE703H01016,10
700,HUDCO,EQ,19-MAY-2017,10,1,INE031A01017,10
701,HUHTAMAKI,EQ,01-OCT-2004,2,1,INE275B01026,2
702,HYBRIDFIN,EQ,05-DEC-2022,5,1,INE965B01022,5
703,IBREALEST,EQ,23-MAR-2007,2,1,INE069I01010,2
704,IBULHSGFIN,EQ,23-JUL-2013,2,1,INE148I01020,2
705,ICDSLTD,BE,17-NOV-1999,10,1,INE613B01010,10
706,ICEMAKE,EQ,12-OCT-2020,10,1,INE520Y01019,10
707,ICICIBANK,EQ,17-SEP-1997,2,1,INE090A01021,2
708,ICICIGI,EQ,27-SEP-2017,10,1,INE765G01017,10
709,ICICIPRULI,EQ,29-SEP-2016,10,1,INE726G01019,10
710,ICIL,EQ,12-SEP-2005,2,1,INE483B01026,2
711,ICRA,EQ,13-APR-2007,10,1,INE725G01011,10
712,IDBI,EQ,20-SEP-1995,10,1,INE008A01015,10
713,IDEA,EQ,09-MAR-2007,10,1,INE669E01016,10
714,IDFC,EQ,12-AUG-2005,10,1,INE043D01016,10
715,IDFCFIRSTB,EQ,06-NOV-2015,10,1,INE092T01019,10
716,IEX,EQ,23-OCT-2017,1,1,INE022Q01020,1
717,IFBAGRO,EQ,03-APR-1996,10,1,INE076C01018,10
718,IFBIND,EQ,29-MAR-1995,10,1,INE559A01017,10
719,IFCI,EQ,26-APR-1995,10,1,INE039A01010,10
720,IFGLEXPOR,EQ,14-NOV-2017,10,1,INE133Y01011,10
721,IGARASHI,EQ,09-OCT-2003,10,1,INE188B01013,10
722,IGL,EQ,26-DEC-2003,2,1,INE203G01027,2
723,IGPL,EQ,29-JAN-2007,10,1,INE204A01010,10
724,IIFL,EQ,17-MAY-2005,2,1,INE530B01024,2
725,IIFLSEC,EQ,20-SEP-2019,2,1,INE489L01022,2
726,IIFLWAM,EQ,19-SEP-2019,2,1,INE466L01020,2
727,IITL,EQ,17-AUG-2010,10,1,INE886A01014,10
728,IL&FSENGG,BZ,25-OCT-2007,10,1,INE369I01014,10
729,IL&FSTRANS,BZ,30-MAR-2010,10,1,INE975G01012,10
730,IMAGICAA,EQ,06-APR-2015,10,1,INE172N01012,10
731,IMFA,EQ,23-JUL-2010,10,1,INE919H01018,10
732,IMPAL,EQ,07-OCT-2005,10,1,INE547E01014,10
733,INCREDIBLE,EQ,01-JUL-2016,10,1,INE452L01012,10
734,INDBANK,EQ,08-OCT-2008,10,1,INE841B01017,10
735,INDHOTEL,EQ,03-JUL-1996,1,1,INE053A01029,1
736,INDIACEM,EQ,31-MAY-2000,10,1,INE383A01012,10
737,INDIAGLYCO,EQ,01-JUL-2005,10,1,INE560A01015,10
738,INDIAMART,EQ,04-JUL-2019,10,1,INE933S01016,10
739,INDIANB,EQ,01-MAR-2007,10,1,INE562A01011,10
740,INDIANCARD,EQ,08-JAN-1997,10,1,INE061A01014,10
741,INDIANHUME,EQ,30-AUG-1995,2,1,INE323C01030,2
742,INDIGO,EQ,10-NOV-2015,10,1,INE646L01027,10
743,INDIGOPNTS,EQ,02-FEB-2021,10,1,INE09VQ01012,10
744,INDLMETER,BZ,10-JAN-1996,10,1,INE065B01013,10
745,INDNIPPON,EQ,07-MAY-1997,5,1,INE092B01025,5
746,INDOAMIN,EQ,29-APR-2022,5,1,INE760F01028,5
747,INDOBORAX,EQ,29-MAR-2022,1,1,INE803D01021,1
748,INDOCO,EQ,14-JAN-2005,2,1,INE873D01024,2
749,INDORAMA,EQ,20-JUN-2003,10,1,INE156A01020,10
750,INDOSTAR,BE,21-MAY-2018,10,1,INE896L01010,10
751,INDOTECH,EQ,16-MAR-2006,10,1,INE332H01014,10
752,INDOTHAI,BE,02-NOV-2011,10,1,INE337M01013,10
753,INDOWIND,BE,14-SEP-2007,10,1,INE227G01018,10
754,INDRAMEDCO,BE,17-APR-1997,10,1,INE681B01017,10
755,INDSWFTLAB,EQ,02-JUL-1997,10,1,INE915B01019,10
756,INDSWFTLTD,EQ,18-OCT-2004,2,1,INE788B01028,2
757,INDTERRAIN,EQ,11-MAR-2011,2,1,INE611L01021,2
758,INDUSINDBK,EQ,28-JAN-1998,10,1,INE095A01012,10
759,INDUSTOWER,EQ,28-DEC-2012,10,1,INE121J01017,10
760,INEOSSTYRO,EQ,29-MAR-1995,10,1,INE189B01011,10
761,INFIBEAM,EQ,04-APR-2016,1,1,INE483S01020,1
762,INFOBEAN,EQ,15-JUL-2019,10,1,INE344S01016,10
763,INFOMEDIA,EQ,12-OCT-2006,10,1,INE669A01022,10
764,INFY,EQ,08-FEB-1995,5,1,INE009A01021,5
765,INGERRAND,EQ,15-APR-1999,10,1,INE177A01018,10
766,INOXGREEN,EQ,23-NOV-2022,10,1,INE510W01014,10
767,INOXLEISUR,EQ,23-FEB-2006,10,1,INE312H01016,10
768,INOXWIND,EQ,09-APR-2015,10,1,INE066P01011,10
769,INSECTICID,EQ,30-MAY-2007,10,1,INE070I01018,10
770,INSPIRISYS,EQ,30-OCT-2006,10,1,INE020G01017,10
771,INTELLECT,EQ,18-DEC-2014,5,1,INE306R01017,5
772,INTENTECH,EQ,23-MAR-2017,2,1,INE781A01025,2
773,INTLCONV,EQ,16-SEP-2021,1,1,INE575C01027,1
774,INVENTURE,EQ,04-AUG-2011,1,1,INE878H01024,1
775,IOB,EQ,07-DEC-2000,10,1,INE565A01014,10
776,IOC,EQ,24-JUL-1996,10,1,INE242A01010,10
777,IOLCP,EQ,08-NOV-2010,10,1,INE485C01011,10
778,IONEXCHANG,EQ,22-FEB-2022,10,1,INE570A01014,10
779,IPCALAB,EQ,08-FEB-1995,1,1,INE571A01038,1
780,IPL,EQ,05-JUL-2021,1,1,INE0D6701023,1
781,IRB,EQ,25-FEB-2008,10,1,INE821I01014,10
782,IRCON,EQ,28-SEP-2018,2,1,INE962Y01021,2
783,IRCTC,EQ,14-OCT-2019,2,1,INE335Y01020,2
784,IRFC,EQ,29-JAN-2021,10,1,INE053F01010,10
785,IRIS,EQ,08-NOV-2021,10,1,INE864K01010,10
786,IRISDOREME,EQ,22-FEB-2021,10,1,INE01GN01017,10
787,ISEC,EQ,04-APR-2018,5,1,INE763G01038,5
788,ISFT,EQ,12-APR-2010,10,1,INE566K01011,10
789,ISGEC,EQ,05-MAY-2021,1,1,INE858B01029,1
790,ISMTLTD,EQ,28-AUG-2007,5,1,INE732F01019,5
791,ITC,EQ,23-AUG-1995,1,1,INE154A01025,1
792,ITDC,EQ,30-DEC-2016,10,1,INE353K01014,10
793,ITDCEM,EQ,10-FEB-1999,1,1,INE686A01026,1
794,ITI,EQ,15-SEP-2003,10,1,INE248A01017,10
795,IVC,EQ,15-SEP-1999,2,1,INE050B01023,2
796,IVP,EQ,13-SEP-1995,10,1,INE043C01018,10
797,IWEL,EQ,11-JUN-2021,10,1,INE0FLR01028,10
798,IZMO,EQ,05-FEB-2007,10,1,INE848A01014,10
799,J&KBANK,EQ,22-JUL-1998,1,1,INE168A01041,1
800,JAGRAN,EQ,22-FEB-2006,2,1,INE199G01027,2
801,JAGSNPHARM,EQ,01-MAR-2000,5,1,INE048B01027,5
802,JAIBALAJI,EQ,09-DEC-2003,10,1,INE091G01018,10
803,JAICORPLTD,EQ,26-NOV-1997,1,1,INE070D01027,1
804,JAIPURKURT,BE,02-SEP-2021,10,1,INE696V01013,10
805,JAMNAAUTO,EQ,10-DEC-2010,1,1,INE039C01032,1
806,JASH,EQ,30-OCT-2019,10,1,INE039O01011,10
807,JAYAGROGN,EQ,17-APR-1996,5,1,INE785A01026,5
808,JAYBARMARU,EQ,03-JAN-1996,5,1,INE571B01028,5
809,JAYNECOIND,EQ,10-MAY-1995,10,1,INE854B01010,10
810,JAYSREETEA,EQ,15-FEB-1995,5,1,INE364A01020,5
811,JBCHEPHARM,EQ,29-APR-2003,2,1,INE572A01028,2
812,JBFIND,EQ,25-FEB-2004,10,1,INE187A01017,10
813,JBMA,EQ,17-DEC-2004,2,1,INE927D01044,2
814,JCHAC,EQ,03-JAN-2000,10,1,INE782A01015,10
815,JETAIRWAYS,BZ,14-MAR-2005,10,1,INE802G01018,10
816,JETFREIGHT,EQ,21-DEC-2021,5,1,INE982V01025,5
817,JHS,EQ,21-OCT-2006,10,1,INE544H01014,10
818,JINDALPHOT,EQ,07-APR-2005,10,1,INE796G01012,10
819,JINDALPOLY,EQ,21-JAN-2002,10,1,INE197D01010,10
820,JINDALSAW,EQ,29-APR-2003,2,1,INE324A01024,2
821,JINDALSTEL,EQ,29-DEC-1999,1,1,INE749A01030,1
822,JINDRILL,EQ,22-DEC-2006,5,1,INE742C01031,5
823,JINDWORLD,EQ,25-NOV-2010,1,1,INE247D01039,1
824,JISLDVREQS,EQ,30-NOV-2011,2,1,IN9175A01010,2
825,JISLJALEQS,EQ,13-AUG-2001,2,1,INE175A01038,2
826,JITFINFRA,BE,27-FEB-2017,2,1,INE863T01013,2
827,JKCEMENT,EQ,14-MAR-2006,10,1,INE823G01014,10
828,JKIL,EQ,12-FEB-2008,5,1,INE576I01022,5
829,JKLAKSHMI,EQ,19-JUN-2006,5,1,INE786A01032,5
830,JKPAPER,EQ,16-JUN-2005,10,1,INE789E01012,10
831,JKTYRE,EQ,19-MAR-2007,2,1,INE573A01042,2
832,JMA,EQ,16-MAR-2015,2,1,INE412C01023,2
833,JMCPROJECT,EQ,26-NOV-2007,2,1,INE890A01024,2
834,JMFINANCIL,EQ,10-OCT-2006,1,1,INE780C01023,1
835,JOCIL,EQ,08-OCT-2008,10,1,INE839G01010,10
836,JPASSOCIAT,EQ,14-JUN-2004,2,1,INE455F01025,2
837,JPOLYINVST,EQ,11-NOV-2013,10,1,INE147P01019,10
838,JPPOWER,EQ,18-APR-2005,10,1,INE351F01018,10
839,JSL,EQ,17-NOV-2003,2,1,INE220G01021,2
840,JSLHISAR,EQ,28-JAN-2016,2,1,INE455T01018,2
841,JSWENERGY,EQ,04-JAN-2010,10,1,INE121E01018,10
842,JSWHL,EQ,21-JUN-2005,10,1,INE824G01012,10
843,JSWISPL,EQ,12-SEP-2018,10,1,INE743C01021,10
844,JSWSTEEL,EQ,23-MAR-2005,1,1,INE019A01038,1
845,JTEKTINDIA,EQ,12-JAN-2004,1,1,INE643A01035,1
846,JTLIND,EQ,23-DEC-2021,2,1,INE391J01024,2
847,JUBLFOOD,EQ,08-FEB-2010,2,1,INE797F01020,2
848,JUBLINDS,EQ,14-FEB-2011,10,1,INE645L01011,10
849,JUBLINGREA,EQ,19-MAR-2021,1,1,INE0BY001018,1
850,JUBLPHARMA,EQ,16-JUN-2003,1,1,INE700A01033,1
851,JUSTDIAL,EQ,05-JUN-2013,10,1,INE599M01018,10
852,JWL,EQ,18-OCT-2010,10,1,INE209L01016,10
853,JYOTHYLAB,EQ,19-DEC-2007,1,1,INE668F01031,1
854,JYOTISTRUC,BZ,19-JUL-1995,2,1,INE197A01024,2
855,KABRAEXTRU,EQ,06-SEP-1995,5,1,INE900B01029,5
856,KAJARIACER,EQ,01-JUN-2004,1,1,INE217B01036,1
857,KAKATCEM,EQ,13-DEC-1995,10,1,INE437B01014,10
858,KALPATPOWR,EQ,15-DEC-2000,2,1,INE220B01022,2
859,KALYANI,BE,13-FEB-2017,10,1,INE610E01010,10
860,KALYANIFRG,BE,20-DEC-2007,10,1,INE314G01014,10
861,KALYANKJIL,EQ,26-MAR-2021,10,1,INE303R01014,10
862,KAMATHOTEL,EQ,29-MAY-1996,10,1,INE967C01018,10
863,KAMDHENU,EQ,09-MAY-2006,10,1,INE390H01012,10
864,KANANIIND,EQ,14-DEC-2011,1,1,INE879E01037,1
865,KANORICHEM,EQ,08-FEB-1995,5,1,INE138C01024,5
866,KANPRPLA,EQ,01-JAN-2021,10,1,INE694E01014,10
867,KANSAINER,EQ,15-SEP-2003,1,1,INE531A01024,1
868,KAPSTON,EQ,27-MAY-2020,10,1,INE542Z01010,10
869,KARMAENG,EQ,28-JUN-2011,10,1,INE725L01011,10
870,KARURVYSYA,EQ,26-JUL-2000,2,1,INE036D01028,2
871,KAUSHALYA,EQ,14-DEC-2007,10,1,INE234I01010,10
872,KAVVERITEL,EQ,29-JAN-2008,10,1,INE641C01019,10
873,KAYA,EQ,14-AUG-2015,10,1,INE587G01015,10
874,KAYNES,EQ,22-NOV-2022,10,1,INE918Z01012,10
875,KBCGLOBAL,EQ,02-APR-2018,1,1,INE278R01034,1
876,KCP,EQ,09-APR-1997,1,1,INE805C01028,1
877,KCPSUGIND,EQ,11-JUN-1997,1,1,INE790B01024,1
878,KDDL,EQ,23-MAR-2016,10,1,INE291D01011,10
879,KEC,EQ,10-MAR-2006,2,1,INE389H01022,2
880,KECL,EQ,09-MAR-2010,10,1,INE134B01017,10
881,KEEPLEARN,BE,01-MAR-1995,1,1,INE055C01020,1
882,KEI,EQ,23-MAR-2006,2,1,INE878B01027,2
883,KELLTONTEC,BE,02-MAR-2016,5,1,INE164B01022,5
884,KENNAMET,EQ,03-NOV-1994,10,1,INE717A01029,10
885,KERNEX,BE,20-DEC-2005,10,1,INE202H01019,10
886,KESORAMIND,EQ,06-SEP-1995,10,1,INE087A01019,10
887,KEYFINSERV,EQ,26-JUN-1996,10,1,INE681C01015,10
888,KHADIM,EQ,14-NOV-2017,10,1,INE834I01025,10
889,KHAICHEM,EQ,30-OCT-2020,1,1,INE745B01028,1
890,KHAITANLTD,BE,20-DEC-1995,10,1,INE731C01018,10
891,KHANDSE,BE,07-FEB-2001,10,1,INE060B01014,10
892,KICL,EQ,14-JAN-2011,10,1,INE029L01018,10
893,KILITCH,EQ,29-SEP-2010,10,1,INE729D01010,10
894,KIMS,EQ,28-JUN-2021,10,1,INE967H01017,10
895,KINGFA,EQ,15-NOV-2016,10,1,INE473D01015,10
896,KIOCL,EQ,29-NOV-2016,10,1,INE880L01014,10
897,KIRIINDUS,EQ,22-APR-2008,10,1,INE415I01015,10
898,KIRLFER,EQ,13-NOV-2019,5,1,INE884B01025,5
899,KIRLOSBROS,EQ,20-APR-2010,2,1,INE732A01036,2
900,KIRLOSENG,EQ,24-DEC-2010,2,1,INE146L01010,2
901,KIRLOSIND,EQ,24-JUN-2010,10,1,INE250A01039,10
902,KITEX,EQ,25-SEP-2012,1,1,INE602G01020,1
903,KKCL,EQ,13-APR-2006,10,1,INE401H01017,10
904,KMSUGAR,EQ,31-MAY-2007,2,1,INE157H01023,2
905,KNRCON,EQ,18-FEB-2008,2,1,INE634I01029,2
906,KOHINOOR,EQ,20-OCT-1999,10,1,INE080B01012,10
907,KOKUYOCMLN,EQ,28-JUL-2008,1,1,INE760A01029,1
908,KOLTEPATIL,EQ,13-DEC-2007,10,1,INE094I01018,10
909,KOPRAN,EQ,09-JUN-1999,10,1,INE082A01010,10
910,KOTAKBANK,EQ,20-DEC-1995,5,1,INE237A01028,5
911,KOTARISUG,EQ,13-DEC-2004,10,1,INE419A01022,10
912,KOTHARIPET,EQ,02-NOV-1996,10,1,INE720A01015,10
913,KOTHARIPRO,EQ,03-JUN-1998,10,1,INE823A01017,10
914,KOVAI,EQ,05-AUG-2021,10,1,INE177F01017,10
915,KPIGREEN,EQ,27-JUL-2021,10,1,INE542W01017,10
916,KPITTECH,EQ,22-APR-2019,10,1,INE04I401011,10
917,KPRMILL,EQ,28-AUG-2007,1,1,INE930H01031,1
918,KRBL,EQ,21-JAN-2002,1,1,INE001B01026,1
919,KREBSBIO,EQ,03-JAN-1996,10,1,INE268B01013,10
920,KRIDHANINF,EQ,11-DEC-2015,2,1,INE524L01026,2
921,KRISHANA,EQ,22-AUG-2019,10,1,INE506W01012,10
922,KRITI,EQ,01-NOV-2021,1,1,INE479D01038,1
923,KRITIKA,EQ,04-MAY-2022,2,1,INE00Z501029,2
924,KRITINUT,EQ,07-OCT-2022,1,1,INE798K01010,1
925,KRSNAA,EQ,16-AUG-2021,5,1,INE08LI01020,5
926,KSB,EQ,08-FEB-1995,10,1,INE999A01015,10
927,KSCL,EQ,04-OCT-2007,2,1,INE455I01029,2
928,KSHITIJPOL,EQ,27-JUL-2022,2,1,INE013801027,2
929,KSL,EQ,19-MAY-2010,5,1,INE907A01026,5
930,KSOLVES,EQ,23-SEP-2022,10,1,INE0D6I01015,10
931,KTKBANK,EQ,10-MAY-2000,10,1,INE614B01018,10
932,KUANTUM,EQ,23-OCT-2019,1,1,INE529I01021,1
933,L&TFH,EQ,12-AUG-2011,10,1,INE498L01015,10
934,LAGNAM,EQ,30-SEP-2021,10,1,INE548Z01017,10
935,LAKPRE,BZ,26-SEP-2006,10,1,INE651C01018,10
936,LALPATHLAB,EQ,23-DEC-2015,10,1,INE600L01024,10
937,LAMBODHARA,EQ,04-FEB-2015,5,1,INE112F01022,5
938,LANCER,EQ,10-MAY-2022,5,1,INE359U01028,5
939,LAOPALA,EQ,16-MAR-2007,2,1,INE059D01020,2
940,LASA,EQ,21-SEP-2017,10,1,INE670X01014,10
941,LATENTVIEW,EQ,23-NOV-2021,1,1,INE0I7C01011,1
942,LAURUSLABS,EQ,19-DEC-2016,2,1,INE947Q01028,2
943,LAXMICOT,EQ,12-NOV-2021,10,1,INE801V01019,10
944,LAXMIMACH,EQ,29-MAR-1995,10,1,INE269B01029,10
945,LCCINFOTEC,EQ,02-MAR-2000,2,1,INE938A01021,2
946,LEMONTREE,EQ,09-APR-2018,10,1,INE970X01018,10
947,LFIC,EQ,15-APR-2015,10,1,INE850E01012,10
948,LGBBROSLTD,EQ,30-MAR-2010,10,1,INE337A01034,10
949,LGBFORGE,EQ,01-AUG-2008,1,1,INE201J01017,1
950,LIBAS,EQ,23-JUL-2019,10,1,INE908V01012,10
951,LIBERTSHOE,EQ,27-SEP-1995,10,1,INE557B01019,10
952,LICHSGFIN,EQ,29-JUL-1998,2,1,INE115A01026,2
953,LICI,EQ,17-MAY-2022,10,1,INE0J1Y01017,10
954,LIKHITHA,EQ,15-OCT-2020,5,1,INE060901027,5
955,LINC,EQ,09-MAR-2015,10,1,INE802B01019,10
956,LINCOLN,EQ,17-DEC-2015,10,1,INE405C01035,10
957,LINDEINDIA,EQ,16-JUN-1999,10,1,INE473A01011,10
958,LODHA,EQ,19-APR-2021,10,1,INE670K01029,10
959,LOKESHMACH,EQ,05-MAY-2006,10,1,INE397H01017,10
960,LOTUSEYE,BE,11-JUL-2008,10,1,INE947I01017,10
961,LOVABLE,EQ,24-MAR-2011,10,1,INE597L01014,10
962,LOYALTEX,EQ,11-AUG-2022,10,1,INE970D01010,10
963,LPDC,EQ,12-AUG-2008,1,1,INE197J01017,1
964,LSIL,EQ,18-JUL-2016,1,1,INE093R01011,1
965,LT,EQ,23-JUN-2004,2,1,INE018A01030,2
966,LTIM,EQ,21-JUL-2016,1,1,INE214T01019,1
967,LTTS,EQ,23-SEP-2016,2,1,INE010V01017,2
968,LUMAXIND,EQ,06-SEP-1995,10,1,INE162B01018,10
969,LUMAXTECH,EQ,16-JAN-2007,2,1,INE872H01027,2
970,LUPIN,EQ,10-SEP-2001,2,1,INE326A01037,2
971,LUXIND,EQ,30-NOV-2015,2,1,INE150G01020,2
972,LXCHEM,EQ,25-MAR-2021,2,1,INE576O01020,2
973,LYKALABS,EQ,08-FEB-1995,10,1,INE933A01014,10
974,LYPSAGEMS,EQ,05-NOV-2013,10,1,INE142K01011,10
975,M&M,EQ,03-JAN-1996,5,1,INE101A01026,5
976,M&MFIN,EQ,17-MAR-2006,2,1,INE774D01024,2
977,MAANALU,EQ,22-OCT-2007,10,1,INE215I01019,10
978,MACPOWER,EQ,19-AUG-2020,10,1,INE155Z01011,10
979,MADHAV,EQ,20-DEC-2007,10,1,INE925C01016,10
980,MADHUCON,EQ,05-OCT-2006,1,1,INE378D01032,1
981,MADRASFERT,EQ,25-JUL-1997,10,1,INE414A01015,10
982,MAGADSUGAR,EQ,28-JUL-2017,10,1,INE347W01011,10
983,MAGNUM,EQ,20-SEP-2007,10,1,INE387I01016,10
984,MAHABANK,EQ,12-APR-2004,10,1,INE457A01014,10
985,MAHAPEXLTD,EQ,21-JAN-1998,10,1,INE843B01013,10
986,MAHASTEEL,EQ,01-JUL-2016,10,1,INE451L01014,10
987,MAHEPC,EQ,14-FEB-2020,10,1,INE215D01010,10
988,MAHESHWARI,EQ,15-APR-2019,10,1,INE263W01010,10
989,MAHINDCIE,EQ,30-AUG-2007,10,1,INE536H01010,10
990,MAHLIFE,EQ,10-MAY-2000,10,1,INE813A01018,10
991,MAHLOG,EQ,10-NOV-2017,10,1,INE766P01016,10
992,MAHSCOOTER,EQ,08-FEB-1995,10,1,INE288A01013,10
993,MAHSEAMLES,EQ,25-AUG-2004,5,1,INE271B01025,5
994,MAITHANALL,EQ,05-JUL-2011,10,1,INE683C01011,10
995,MALLCOM,EQ,02-FEB-2022,10,1,INE389C01015,10
996,MALUPAPER,EQ,05-APR-2006,10,1,INE383H01017,10
997,MANAKALUCO,EQ,30-MAR-2015,1,1,INE859Q01017,1
998,MANAKCOAT,EQ,30-MAR-2015,1,1,INE830Q01018,1
999,MANAKSIA,EQ,08-JAN-2008,2,1,INE015D01022,2
1000,MANAKSTEEL,EQ,30-MAR-2015,1,1,INE824Q01011,1
1001,MANALIPETC,EQ,06-DEC-2006,5,1,INE201A01024,5
1002,MANAPPURAM,EQ,01-DEC-2014,2,1,INE522D01027,2
1003,MANGALAM,EQ,23-MAY-2005,10,1,INE584F01014,10
1004,MANGCHEFER,EQ,22-OCT-2007,10,1,INE558B01017,10
1005,MANGLMCEM,EQ,03-JAN-1996,10,1,INE347A01017,10
1006,MANINDS,EQ,24-JUN-2005,5,1,INE993A01026,5
1007,MANINFRA,EQ,11-MAR-2010,2,1,INE949H01023,2
1008,MANORAMA,EQ,01-JUL-2022,10,1,INE00VM01010,10
1009,MANORG,EQ,02-NOV-2021,10,1,INE370D01013,10
1010,MANUGRAPH,EQ,14-SEP-2006,2,1,INE867A01022,2
1011,MANYAVAR,EQ,16-FEB-2022,1,1,INE825V01034,1
1012,MAPMYINDIA,EQ,21-DEC-2021,2,1,INE0BV301023,2
1013,MARALOVER,EQ,08-FEB-1995,10,1,INE882A01013,10
1014,MARATHON,EQ,29-SEP-2016,5,1,INE182D01020,5
1015,MARICO,EQ,01-MAY-1996,1,1,INE196A01026,1
1016,MARINE,EQ,02-DEC-2020,2,1,INE01JE01028,2
1017,MARKSANS,EQ,21-JAN-2002,1,1,INE750C01026,1
1018,MARSHALL,EQ,22-NOV-2021,10,1,INE00SZ01018,10
1019,MARUTI,EQ,09-JUL-2003,5,1,INE585B01010,5
1020,MASFIN,EQ,18-OCT-2017,10,1,INE348L01012,10
1021,MASKINVEST,BE,14-OCT-2016,10,1,INE885F01015,10
1022,MASTEK,EQ,10-MAY-1995,5,1,INE759A01021,5
1023,MATRIMONY,EQ,21-SEP-2017,5,1,INE866R01028,5
1024,MAWANASUG,EQ,20-MAR-2009,10,1,INE636A01039,10
1025,MAXHEALTH,EQ,21-AUG-2020,10,1,INE027H01010,10
1026,MAXIND,EQ,28-AUG-2020,10,1,INE0CG601016,10
1027,MAXVIL,EQ,22-JUN-2016,10,1,INE154U01015,10
1028,MAYURUNIQ,EQ,25-SEP-2012,5,1,INE040D01038,5
1029,MAZDA,EQ,01-NOV-2016,10,1,INE885E01034,10
1030,MAZDOCK,EQ,12-OCT-2020,10,1,INE249Z01012,10
1031,MBAPL,BE,22-AUG-2019,10,1,INE900L01010,10
1032,MBECL,BE,06-OCT-2006,10,1,INE748A01016,10
1033,MBLINFRA,EQ,11-JAN-2010,10,1,INE912H01013,10
1034,MCDOWELL-N,EQ,27-SEP-2001,2,1,INE854D01024,2
1035,MCL,EQ,19-AUG-2020,5,1,INE813V01022,5
1036,MCLEODRUSS,EQ,29-JUL-2005,5,1,INE942G01012,5
1037,MCX,EQ,09-MAR-2012,10,1,INE745G01035,10
1038,MEDANTA,EQ,16-NOV-2022,2,1,INE474Q01031,2
1039,MEDICAMEQ,EQ,27-OCT-2021,10,1,INE646B01010,10
1040,MEDICO,BE,26-MAY-2022,10,1,INE630Y01016,10
1041,MEDPLUS,EQ,23-DEC-2021,2,1,INE804L01022,2
1042,MEGASOFT,EQ,19-JUL-2007,10,1,INE933B01012,10
1043,MEGASTAR,EQ,16-FEB-2022,10,1,INE00EM01016,10
1044,MELSTAR,BZ,07-MAR-2000,10,1,INE817A01019,10
1045,MENONBE,EQ,09-MAR-2015,1,1,INE071D01033,1
1046,MEP,EQ,06-MAY-2015,10,1,INE776I01010,10
1047,MERCATOR,BE,20-JUN-2005,1,1,INE934B01028,1
1048,METALFORGE,BZ,23-AUG-1995,10,1,INE425A01011,10
1049,METROBRAND,EQ,22-DEC-2021,5,1,INE317I01021,5
1050,METROPOLIS,EQ,15-APR-2019,2,1,INE112L01020,2
1051,MFL,EQ,18-AUG-2021,10,1,INE071N01016,10
1052,MFSL,EQ,17-MAY-2000,2,1,INE180A01020,2
1053,MGEL,EQ,23-DEC-2020,2,1,INE0APB01024,2
1054,MGL,EQ,01-JUL-2016,10,1,INE002S01010,10
1055,MHLXMIRU,EQ,27-JAN-2022,10,1,INE112D01035,10
1056,MHRIL,EQ,16-JUL-2009,10,1,INE998I01010,10
1057,MIDHANI,EQ,04-APR-2018,10,1,INE099Z01011,10
1058,MINDACORP,EQ,16-OCT-2014,2,1,INE842C01021,2
1059,MINDTECK,EQ,02-AUG-2016,10,1,INE110B01017,10
1060,MIRCELECTR,EQ,24-MAY-2004,1,1,INE831A01028,1
1061,MIRZAINT,EQ,28-APR-1999,2,1,INE771A01026,2
1062,MITCON,EQ,17-MAR-2022,10,1,INE828O01033,10
1063,MITTAL,EQ,29-APR-2020,10,1,INE997Y01019,10
1064,MMFL,EQ,20-DEC-2006,10,1,INE227C01017,10
1065,MMP,EQ,09-JAN-2020,10,1,INE511Y01018,10
1066,MMTC,EQ,09-APR-2012,1,1,INE123F01029,1
1067,MODIRUBBER,BE,07-FEB-1996,10,1,INE832A01018,10
1068,MODISONLTD,EQ,03-MAY-2021,1,1,INE737D01021,1
1069,MOHITIND,EQ,14-MAR-2013,10,1,INE954E01012,10
1070,MOIL,EQ,15-DEC-2010,10,1,INE490G01020,10
1071,MOKSH,EQ,21-MAY-2021,2,1,INE514Y01020,2
1072,MOL,EQ,18-AUG-2021,1,1,INE0CT101020,1
1073,MOLDTECH,EQ,07-JUL-2016,2,1,INE835B01035,2
1074,MOLDTKPAC,EQ,23-FEB-2015,5,1,INE893J01029,5
1075,MONARCH,EQ,06-JAN-2022,10,1,INE903D01011,10
1076,MONTECARLO,EQ,19-DEC-2014,10,1,INE950M01013,10
1077,MORARJEE,EQ,14-SEP-2012,7,1,INE161G01027,7
1078,MOREPENLAB,EQ,24-NOV-1999,2,1,INE083A01026,2
1079,MOTHERSON,EQ,14-AUG-1996,1,1,INE775A01035,1
1080,MOTILALOFS,EQ,11-SEP-2007,1,1,INE338I01027,1
1081,MOTOGENFIN,EQ,08-FEB-1995,5,1,INE861B01023,5
1082,MPHASIS,EQ,04-JUN-2004,10,1,INE356A01018,10
1083,MPSLTD,EQ,21-JAN-2002,10,1,INE943D01017,10
1084,MRF,EQ,18-SEP-1996,10,1,INE883A01011,10
1085,MRO-TEK,EQ,01-NOV-2000,5,1,INE398B01018,5
1086,MRPL,EQ,07-JAN-2005,10,1,INE103A01014,10
1087,MSPL,EQ,18-JUL-2005,10,1,INE752G01015,10
1088,MSTCLTD,EQ,29-MAR-2019,10,1,INE255X01014,10
1089,MSUMI,EQ,28-MAR-2022,1,1,INE0FS801015,1
1090,MTARTECH,EQ,15-MAR-2021,10,1,INE864I01014,10
1091,MTEDUCARE,EQ,12-APR-2012,10,1,INE472M01018,10
1092,MTNL,EQ,17-FEB-1999,10,1,INE153A01019,10
1093,MUKANDLTD,EQ,23-FEB-2004,10,1,INE304A01026,10
1094,MUKTAARTS,EQ,12-SEP-2000,5,1,INE374B01019,5
1095,MUNJALAU,EQ,19-JUL-2006,2,1,INE672B01032,2
1096,MUNJALSHOW,EQ,12-MAY-2003,2,1,INE577A01027,2
1097,MURUDCERA,EQ,28-MAY-2004,10,1,INE692B01014,10
1098,MUTHOOTCAP,EQ,24-AUG-2015,10,1,INE296G01013,10
1099,MUTHOOTFIN,EQ,06-MAY-2011,10,1,INE414G01012,10
1100,NACLIND,EQ,07-APR-2017,1,1,INE295D01020,1
1101,NAGAFERT,BE,15-JUN-2016,1,1,INE454M01024,1
1102,NAGREEKCAP,EQ,18-SEP-2007,5,1,INE245I01016,5
1103,NAGREEKEXP,EQ,18-JUN-2007,5,1,INE123B01028,5
1104,NAHARCAP,EQ,11-MAR-2008,5,1,INE049I01012,5
1105,NAHARINDUS,EQ,15-DEC-2005,10,1,INE289A01011,10
1106,NAHARPOLY,EQ,23-MAR-2007,5,1,INE308A01027,5
1107,NAHARSPING,EQ,23-MAR-2007,5,1,INE290A01027,5
1108,NAM-INDIA,EQ,06-NOV-2017,10,1,INE298J01013,10
1109,NARMADA,EQ,27-OCT-2022,10,1,INE117Z01011,10
1110,NATCOPHARM,EQ,27-DEC-1995,2,1,INE987B01026,2
1111,NATHBIOGEN,EQ,28-JAN-2014,10,1,INE448G01010,10
1112,NATIONALUM,EQ,28-APR-1999,5,1,INE139A01034,5
1113,NATNLSTEEL,BE,26-SEP-2002,10,1,INE088B01015,10
1114,NAUKRI,EQ,21-NOV-2006,10,1,INE663F01024,10
1115,NAVA,EQ,03-APR-1996,2,1,INE725A01022,2
1116,NAVINFLUOR,EQ,01-JUN-2007,2,1,INE048G01026,2
1117,NAVKARCORP,EQ,09-SEP-2015,10,1,INE278M01019,10
1118,NAVNETEDUL,EQ,08-FEB-1995,2,1,INE060A01024,2
1119,NAZARA,EQ,30-MAR-2021,4,1,INE418L01021,4
1120,NBCC,EQ,12-APR-2012,1,1,INE095N01031,1
1121,NBIFIN,EQ,23-NOV-2016,5,1,INE365I01020,5
1122,NCC,EQ,14-OCT-2003,2,1,INE868B01028,2
1123,NCLIND,EQ,03-APR-2007,10,1,INE732C01016,10
1124,NDGL,EQ,29-AUG-2016,10,1,INE756C01015,10
1125,NDL,EQ,23-MAR-2012,10,1,INE875G01030,10
1126,NDRAUTO,EQ,30-JUL-2020,10,1,INE07OG01012,10
1127,NDTV,EQ,19-MAY-2004,4,1,INE155G01029,4
1128,NECCLTD,EQ,02-MAR-2016,10,1,INE553C01016,10
1129,NECLIFE,EQ,18-JUL-2005,1,1,INE023H01027,1
1130,NELCAST,EQ,27-JUN-2007,2,1,INE189I01024,2
1131,NELCO,EQ,28-MAY-2003,10,1,INE045B01015,10
1132,NEOGEN,EQ,08-MAY-2019,10,1,INE136S01016,10
1133,NESCO,EQ,08-APR-2008,2,1,INE317F01035,2
1134,NESTLEIND,EQ,08-JAN-2010,10,1,INE239A01016,10
1135,NETWORK18,EQ,02-FEB-2007,5,1,INE870H01013,5
1136,NEULANDLAB,EQ,13-OCT-2008,10,1,INE794A01010,10
1137,NEWGEN,EQ,29-JAN-2018,10,1,INE619B01017,10
1138,NEXTMEDIA,BE,04-APR-2001,10,1,INE747B01016,10
1139,NFL,EQ,28-DEC-2006,10,1,INE870D01012,10
1140,NGIL,EQ,20-AUG-2021,10,1,INE236Y01012,10
1141,NGLFINE,EQ,08-JUL-2022,5,1,INE887E01022,5
1142,NH,EQ,06-JAN-2016,10,1,INE410P01011,10
1143,NHPC,EQ,01-SEP-2009,10,1,INE848E01016,10
1144,NIACL,EQ,13-NOV-2017,5,1,INE470Y01017,5
1145,NIBL,EQ,09-APR-2013,2,1,INE047O01014,2
1146,NIITLTD,EQ,16-AUG-2004,2,1,INE161A01038,2
1147,NILAINFRA,EQ,21-MAY-2015,1,1,INE937C01029,1
1148,NILASPACES,EQ,28-DEC-2018,1,1,INE00S901012,1
1149,NILKAMAL,EQ,01-NOV-1995,10,1,INE310A01015,10
1150,NIPPOBATRY,EQ,06-OCT-1999,5,1,INE567A01028,5
1151,NIRAJ,EQ,01-OCT-2020,10,1,INE368I01016,10
1152,NIRAJISPAT,BE,27-OCT-2016,10,1,INE326T01011,10
1153,NITCO,EQ,21-MAR-2006,10,1,INE858F01012,10
1154,NITINSPIN,EQ,02-FEB-2006,10,1,INE229H01012,10
1155,NITIRAJ,EQ,22-APR-2021,10,1,INE439T01012,10
1156,NKIND,EQ,07-JUL-1995,10,1,INE542C01019,10
1157,NLCINDIA,EQ,23-AUG-2000,10,1,INE589A01014,10
1158,NMDC,EQ,03-MAR-2008,1,1,INE584A01023,1
1159,NOCIL,EQ,17-JAN-1996,10,1,INE163A01018,10
1160,NOIDATOLL,EQ,06-DEC-2002,10,1,INE781B01015,10
1161,NORBTEAEXP,EQ,26-JUN-1996,10,1,INE369C01017,10
1162,NOVARTIND,EQ,08-NOV-2000,5,1,INE234A01025,5
1163,NRAIL,EQ,05-APR-2017,10,1,INE740D01017,10
1164,NRBBEARING,EQ,08-MAR-2000,2,1,INE349A01021,2
1165,NSIL,EQ,17-NOV-2003,10,1,INE023A01030,10
1166,NTPC,EQ,05-NOV-2004,10,1,INE733E01010,10
1167,NUCLEUS,EQ,19-DEC-2002,10,1,INE096B01018,10
1168,NURECA,EQ,25-FEB-2021,10,1,INE0DSF01015,10
1169,NUVOCO,EQ,23-AUG-2021,10,1,INE118D01016,10
1170,NXTDIGITAL,BE,24-APR-2007,10,1,INE353A01023,10
1171,NYKAA,EQ,10-NOV-2021,1,1,INE388Y01029,1
1172,OAL,EQ,11-JUL-2019,5,1,INE959C01023,5
1173,OBCL,EQ,07-APR-2022,10,1,INE426Z01016,10
1174,OBEROIRLTY,EQ,20-OCT-2010,10,1,INE093I01010,10
1175,OCCL,EQ,27-JAN-2016,10,1,INE321D01016,10
1176,OFSS,EQ,28-JUN-2002,5,1,INE881D01027,5
1177,OIL,EQ,30-SEP-2009,10,1,INE274J01014,10
1178,OILCOUNTUB,EQ,30-AUG-1995,10,1,INE591A01010,10
1179,OLECTRA,EQ,20-MAR-2002,4,1,INE260D01016,4
1180,OMAXAUTO,EQ,20-FEB-2003,10,1,INE090B01011,10
1181,OMAXE,EQ,09-AUG-2007,10,1,INE800H01010,10
1182,OMINFRAL,EQ,17-JUN-2011,1,1,INE239D01028,1
1183,OMKARCHEM,BE,10-FEB-2011,10,1,INE474L01016,10
1184,ONELIFECAP,EQ,17-OCT-2011,10,1,INE912L01015,10
1185,ONEPOINT,EQ,09-MAY-2019,2,1,INE840Y01029,2
1186,ONGC,EQ,19-JUL-1995,5,1,INE213A01029,5
1187,ONMOBILE,EQ,19-FEB-2008,10,1,INE809I01019,10
1188,ONWARDTEC,EQ,07-MAR-2001,10,1,INE229A01017,10
1189,OPTIEMUS,EQ,08-AUG-2017,10,1,INE350C01017,10
1190,ORBTEXP,EQ,05-NOV-2013,10,1,INE231G01010,10
1191,ORCHPHARMA,BE,02-NOV-2020,10,1,INE191A01027,10
1192,ORICONENT,EQ,24-JUL-2015,2,1,INE730A01022,2
1193,ORIENTABRA,EQ,15-DEC-2005,1,1,INE569C01020,1
1194,ORIENTALTL,EQ,07-MAR-2007,10,1,INE998H01012,10
1195,ORIENTBELL,EQ,14-FEB-2007,10,1,INE607D01018,10
1196,ORIENTCEM,EQ,12-JUL-2013,1,1,INE876N01018,1
1197,ORIENTELEC,EQ,14-MAY-2018,1,1,INE142Z01019,1
1198,ORIENTHOT,EQ,27-AUG-1998,1,1,INE750A01020,1
1199,ORIENTLTD,EQ,03-MAR-2010,10,1,INE609C01024,10
1200,ORIENTPPR,EQ,29-MAR-1995,1,1,INE592A01026,1
1201,ORISSAMINE,EQ,29-SEP-2010,1,1,INE725E01024,1
1202,ORTEL,BZ,19-MAR-2015,10,1,INE849L01019,10
1203,ORTINLAB,EQ,30-MAR-2021,10,1,INE749B01020,10
1204,OSIAHYPER,EQ,01-DEC-2022,10,1,INE06IR01013,10
1205,OSWALAGRO,EQ,29-MAR-1995,10,1,INE142A01012,10
1206,PAGEIND,EQ,16-MAR-2007,10,1,INE761H01022,10
1207,PAISALO,EQ,17-OCT-2011,1,1,INE420C01059,1
1208,PALASHSECU,EQ,28-JUL-2017,10,1,INE471W01019,10
1209,PALREDTEC,EQ,09-MAY-2016,10,1,INE218G01033,10
1210,PANACEABIO,EQ,17-APR-1996,1,1,INE922B01023,1
1211,PANACHE,EQ,06-JAN-2020,10,1,INE895W01019,10
1212,PANAMAPET,EQ,30-SEP-2011,2,1,INE305C01029,2
1213,PANSARI,EQ,18-OCT-2021,10,1,INE697V01011,10
1214,PAR,EQ,16-SEP-2021,10,1,INE04LG01015,10
1215,PARACABLES,BE,03-JAN-2007,2,1,INE074B01023,2
1216,PARADEEP,EQ,27-MAY-2022,10,1,INE088F01024,10
1217,PARAGMILK,EQ,19-MAY-2016,10,1,INE883N01014,10
1218,PARAS,EQ,01-OCT-2021,10,1,INE045601015,10
1219,PARSVNATH,EQ,30-NOV-2006,5,1,INE561H01026,5
1220,PASUPTAC,EQ,12-OCT-2021,10,1,INE818B01023,10
1221,PATANJALI,BE,24-JAN-2020,2,1,INE619A01035,2
1222,PATELENG,EQ,24-FEB-2005,1,1,INE244B01030,1
1223,PATINTLOG,EQ,11-JAN-2008,10,1,INE529D01014,10
1224,PAYTM,EQ,18-NOV-2021,1,1,INE982J01020,1
1225,PCBL,EQ,29-MAR-1995,1,1,INE602A01031,1
1226,PCJEWELLER,EQ,27-DEC-2012,10,1,INE785M01013,10
1227,PDMJEPAPER,EQ,30-MAR-2016,1,1,INE865T01018,1
1228,PDSL,EQ,21-OCT-2014,2,1,INE111Q01021,2
1229,PEARLPOLY,EQ,11-OCT-1995,10,1,INE844A01013,10
1230,PEL,EQ,08-FEB-1995,2,1,INE140A01024,2
1231,PENIND,EQ,25-NOV-2010,5,1,INE932A01024,5
1232,PENINLAND,EQ,08-FEB-1995,2,1,INE138A01028,2
1233,PERSISTENT,EQ,06-APR-2010,10,1,INE262H01013,10
1234,PETRONET,EQ,26-MAR-2004,10,1,INE347G01014,10
1235,PFC,EQ,23-FEB-2007,10,1,INE134E01011,10
1236,PFIZER,EQ,28-APR-1999,10,1,INE182A01018,10
1237,PFOCUS,EQ,20-JUN-2006,1,1,INE367G01038,1
1238,PFS,BZ,30-MAR-2011,10,1,INE560K01014,10
1239,PGEL,EQ,26-SEP-2011,10,1,INE457L01011,10
1240,PGHH,EQ,07-JUL-2004,10,1,INE179A01014,10
1241,PGHL,EQ,24-APR-1996,10,1,INE199A01012,10
1242,PGIL,EQ,15-FEB-2007,10,1,INE940H01014,10
1243,PHOENIXLTD,EQ,23-APR-2007,2,1,INE211B01039,2
1244,PIDILITIND,EQ,29-MAR-1995,1,1,INE318A01026,1
1245,PIIND,EQ,15-JUN-2011,1,1,INE603J01030,1
1246,PILANIINVS,EQ,08-DEC-2015,10,1,INE417C01014,10
1247,PILITA,EQ,07-OCT-2013,1,1,INE600A01035,1
1248,PIONDIST,EQ,15-JUN-2010,10,1,INE889E01010,10
1249,PIONEEREMB,EQ,16-MAY-2006,10,1,INE156C01018,10
1250,PITTIENG,EQ,02-FEB-2007,5,1,INE450D01021,5
1251,PIXTRANS,EQ,28-APR-2022,10,1,INE751B01018,10
1252,PKTEA,BE,19-AUG-2015,10,1,INE431F01018,10
1253,PLASTIBLEN,EQ,28-DEC-2006,5,1,INE083C01022,5
1254,PNB,EQ,24-APR-2002,2,1,INE160A01022,2
1255,PNBGILTS,EQ,18-SEP-2000,10,1,INE859A01011,10
1256,PNBHOUSING,EQ,07-NOV-2016,10,1,INE572E01012,10
1257,PNC,EQ,11-DEC-2000,10,1,INE392B01011,10
1258,PNCINFRA,EQ,26-MAY-2015,2,1,INE195J01029,2
1259,PODDARHOUS,EQ,10-APR-2017,10,1,INE888B01018,10
1260,PODDARMENT,EQ,22-NOV-2016,10,1,INE371C01013,10
1261,POKARNA,EQ,07-JUL-2016,2,1,INE637C01025,2
1262,POLICYBZR,EQ,15-NOV-2021,2,1,INE417T01026,2
1263,POLYCAB,EQ,16-APR-2019,10,1,INE455K01017,10
1264,POLYMED,EQ,07-DEC-2011,5,1,INE205C01021,5
1265,POLYPLEX,EQ,11-APR-2003,10,1,INE633B01018,10
1266,PONNIERODE,EQ,16-APR-2002,10,1,INE838E01017,10
1267,POONAWALLA,EQ,27-APR-2004,2,1,INE511C01022,2
1268,POWERGRID,EQ,05-OCT-2007,10,1,INE752E01010,10
1269,POWERINDIA,EQ,30-MAR-2020,2,1,INE07Y701011,2
1270,POWERMECH,EQ,26-AUG-2015,10,1,INE211R01019,10
1271,PPAP,BE,11-JAN-2008,10,1,INE095I01015,10
1272,PPL,EQ,14-JUN-2019,10,1,INE050001010,10
1273,PPLPHARMA,EQ,19-OCT-2022,10,1,INE0DK501011,10
1274,PRAENG,EQ,02-JAN-2007,10,1,INE505C01016,10
1275,PRAJIND,EQ,11-OCT-1995,2,1,INE074A01025,2
1276,PRAKASH,EQ,10-MAY-1995,10,1,INE603A01013,10
1277,PRAKASHSTL,EQ,25-AUG-2010,1,1,INE696K01024,1
1278,PRAXIS,EQ,31-JAN-2018,5,1,INE546Y01022,5
1279,PRECAM,EQ,08-FEB-2016,10,1,INE484I01029,10
1280,PRECOT,EQ,19-AUG-2005,10,1,INE283A01014,10
1281,PRECWIRE,EQ,06-SEP-1995,1,1,INE372C01037,1
1282,PREMEXPLN,EQ,17-JUN-2016,10,1,INE863B01011,10
1283,PREMIER,BE,03-APR-1996,10,1,INE342A01018,10
1284,PREMIERPOL,EQ,13-DEC-1995,5,1,INE309M01012,5
1285,PRESSMN,EQ,05-JAN-2005,2,1,INE980A01023,2
1286,PRESTIGE,EQ,27-OCT-2010,10,1,INE811K01011,10
1287,PRICOLLTD,EQ,10-FEB-2017,1,1,INE726V01018,1
1288,PRIMESECU,EQ,17-JUN-2005,5,1,INE032B01021,5
1289,PRINCEPIPE,EQ,30-DEC-2019,10,1,INE689W01016,10
1290,PRITI,BE,02-MAR-2022,10,1,INE974Z01015,10
1291,PRITIKAUTO,EQ,10-AUG-2021,2,1,INE583R01029,2
1292,PRIVISCL,EQ,08-MAY-2015,10,1,INE959A01019,10
1293,PROZONINTU,EQ,12-SEP-2012,2,1,INE195N01013,2
1294,PRSMJOHNSN,EQ,20-AUG-2003,10,1,INE010A01011,10
1295,PRUDENT,EQ,20-MAY-2022,5,1,INE00F201020,5
1296,PSB,EQ,30-DEC-2010,10,1,INE608A01012,10
1297,PSPPROJECT,EQ,29-MAY-2017,10,1,INE488V01015,10
1298,PTC,BZ,07-APR-2004,10,1,INE877F01012,10
1299,PTL,EQ,29-JAN-2007,1,1,INE034D01049,1
1300,PUNJABCHEM,EQ,08-MAR-2007,10,1,INE277B01014,10
1301,PURVA,EQ,30-AUG-2007,5,1,INE323I01011,5
1302,PVP,EQ,03-APR-1996,10,1,INE362A01016,10
1303,PVR,EQ,04-JAN-2006,10,1,INE191H01014,10
1304,QUESS,EQ,12-JUL-2016,10,1,INE615P01015,10
1305,QUICKHEAL,EQ,18-FEB-2016,10,1,INE306L01010,10
1306,RADAAN,BE,27-FEB-2003,2,1,INE874F01027,2
1307,RADHIKAJWE,EQ,18-JUL-2022,10,1,INE583V01013,10
1308,RADICO,EQ,18-JUN-2003,2,1,INE944F01028,2
1309,RADIOCITY,EQ,17-MAR-2017,2,1,INE919I01024,2
1310,RAILTEL,EQ,26-FEB-2021,10,1,INE0DD101019,10
1311,RAIN,EQ,03-MAR-2008,2,1,INE855B01025,2
1312,RAINBOW,EQ,10-MAY-2022,10,1,INE961O01016,10
1313,RAJESHEXPO,EQ,09-FEB-2000,1,1,INE343B01030,1
1314,RAJMET,EQ,16-FEB-2021,1,1,INE00KV01022,1
1315,RAJRATAN,EQ,22-MAY-2020,2,1,INE451D01029,2
1316,RAJSREESUG,EQ,29-MAR-1995,10,1,INE562B01019,10
1317,RAJTV,EQ,16-MAR-2007,5,1,INE952H01027,5
1318,RALLIS,EQ,01-APR-1999,1,1,INE613A01020,1
1319,RAMANEWS,EQ,20-SEP-2006,10,1,INE278B01020,10
1320,RAMAPHO,EQ,05-AUG-2022,10,1,INE809A01024,10
1321,RAMASTEEL,EQ,19-AUG-2015,1,1,INE230R01035,1
1322,RAMCOCEM,EQ,09-APR-1997,1,1,INE331A01037,1
1323,RAMCOIND,EQ,06-NOV-1996,1,1,INE614A01028,1
1324,RAMCOSYS,EQ,12-APR-2000,10,1,INE246B01019,10
1325,RAMKY,EQ,08-OCT-2010,10,1,INE874I01013,10
1326,RAMRAT,EQ,29-JUL-2022,5,1,INE207E01023,5
1327,RANASUG,EQ,24-FEB-2005,10,1,INE625B01014,10
1328,RANEENGINE,EQ,24-JUN-2008,10,1,INE222J01013,10
1329,RANEHOLDIN,EQ,24-SEP-1997,10,1,INE384A01010,10
1330,RATEGAIN,EQ,17-DEC-2021,1,1,INE0CLI01024,1
1331,RATNAMANI,EQ,09-MAY-2006,2,1,INE703B01027,2
1332,RAYMOND,EQ,18-OCT-1995,10,1,INE301A01014,10
1333,RBA,EQ,14-DEC-2020,10,1,INE07T201019,10
1334,RBL,EQ,20-JUN-2008,10,1,INE244J01017,10
1335,RBLBANK,EQ,31-AUG-2016,10,1,INE976G01028,10
1336,RCF,EQ,07-JAN-1998,10,1,INE027A01015,10
1337,RECLTD,EQ,12-MAR-2008,10,1,INE020B01018,10
1338,REDINGTON,EQ,15-FEB-2007,2,1,INE891D01026,2
1339,REFEX,EQ,03-DEC-2009,10,1,INE056I01017,10
1340,REGENCERAM,BE,05-JUN-1996,10,1,INE277C01012,10
1341,RELAXO,EQ,17-JUN-2011,1,1,INE131B01039,1
1342,RELCHEMQ,EQ,25-MAY-2022,10,1,INE750D01016,10
1343,RELIANCE,EQ,29-NOV-1995,10,1,INE002A01018,10
1344,RELIGARE,EQ,21-NOV-2007,10,1,INE621H01010,10
1345,RELINFRA,EQ,08-FEB-1995,10,1,INE036A01016,10
1346,REMSONSIND,EQ,31-JAN-1996,10,1,INE474C01015,10
1347,RENUKA,EQ,31-OCT-2005,1,1,INE087H01022,1
1348,REPCOHOME,EQ,01-APR-2013,10,1,INE612J01015,10
1349,REPL,EQ,14-DEC-2020,10,1,INE364Z01019,10
1350,REPRO,EQ,22-DEC-2005,10,1,INE461B01014,10
1351,RESPONIND,EQ,29-OCT-2010,1,1,INE688D01026,1
1352,REVATHI,EQ,11-AUG-2005,10,1,INE617A01013,10
1353,RGL,EQ,12-DEC-2007,2,1,INE722H01024,2
1354,RHFL,EQ,22-SEP-2017,10,1,INE217K01011,10
1355,RHIM,EQ,12-MAR-2012,1,1,INE743M01012,1
1356,RICOAUTO,EQ,12-MAY-2003,1,1,INE209B01025,1
1357,RIIL,EQ,29-NOV-1995,10,1,INE046A01015,10
1358,RITCO,EQ,12-APR-2022,10,1,INE01EG01016,10
1359,RITES,EQ,02-JUL-2018,10,1,INE320J01015,10
1360,RKDL,EQ,27-DEC-2010,10,1,INE722J01012,10
1361,RKEC,EQ,18-DEC-2020,10,1,INE786W01010,10
1362,RKFORGE,EQ,05-MAY-2004,2,1,INE399G01023,2
1363,RMCL,BZ,26-NOV-2007,10,1,INE172H01014,10
1364,RML,EQ,30-AUG-2005,10,1,INE050H01012,10
1365,RNAVAL,BZ,09-OCT-2009,10,1,INE542F01012,10
1366,ROHLTD,EQ,06-FEB-2006,10,1,INE283H01019,10
1367,ROLEXRINGS,EQ,09-AUG-2021,10,1,INE645S01016,10
1368,ROLLT,EQ,22-NOV-2016,1,1,INE927A01040,1
1369,ROLTA,BZ,01-MAR-1995,10,1,INE293A01013,10
1370,ROML,BE,06-OCT-2020,10,1,INE294G01026,10
1371,ROSSARI,EQ,23-JUL-2020,2,1,INE02A801020,2
1372,ROSSELLIND,EQ,25-SEP-2012,2,1,INE847C01020,2
1373,ROTO,EQ,21-APR-2022,2,1,INE535D01029,2
1374,ROUTE,EQ,21-SEP-2020,10,1,INE450U01017,10
1375,RPGLIFE,EQ,10-JUN-2008,8,1,INE105J01010,8
1376,RPOWER,EQ,11-FEB-2008,10,1,INE614G01033,10
1377,RPPINFRA,EQ,06-DEC-2010,10,1,INE324L01013,10
1378,RPPL,EQ,26-NOV-2021,10,1,INE760W01015,10
1379,RPSGVENT,EQ,25-JAN-2019,10,1,INE425Y01011,10
1380,RSSOFTWARE,EQ,19-MAY-1999,5,1,INE165B01029,5
1381,RSWM,EQ,15-FEB-1995,10,1,INE611A01016,10
1382,RSYSTEMS,EQ,26-APR-2006,1,1,INE411H01032,1
1383,RTNINDIA,EQ,30-JUL-2012,2,1,INE834M01019,2
1384,RTNPOWER,EQ,30-OCT-2009,10,1,INE399K01017,10
1385,RUBYMILLS,EQ,29-MAR-1995,5,1,INE301D01026,5
1386,RUCHINFRA,BE,16-OCT-1996,1,1,INE413B01023,1
1387,RUCHIRA,EQ,20-DEC-2006,10,1,INE803H01014,10
1388,RUPA,EQ,07-DEC-2011,1,1,INE895B01021,1
1389,RUSHIL,EQ,07-JUL-2011,10,1,INE573K01017,10
1390,RUSTOMJEE,EQ,24-NOV-2022,10,1,INE263M01029,10
1391,RVHL,EQ,18-DEC-2020,1,1,INE09E501017,1
1392,RVNL,EQ,11-APR-2019,10,1,INE415G01027,10
1393,S&SPOWER,EQ,27-SEP-1995,10,1,INE902B01017,10
1394,SABEVENTS,EQ,15-SEP-2016,10,1,INE860T01019,10
1395,SABTN,BE,16-NOV-2007,10,1,INE416A01036,10
1396,SADBHAV,BE,01-MAR-2006,1,1,INE226H01026,1
1397,SADBHIN,EQ,16-SEP-2015,10,1,INE764L01010,10
1398,SAFARI,EQ,12-SEP-2019,2,1,INE429E01023,2
1399,SAGARDEEP,EQ,25-JAN-2019,10,1,INE976T01013,10
1400,SAGCEM,EQ,29-JAN-2007,2,1,INE229C01021,2
1401,SAIL,EQ,06-JUL-1995,10,1,INE114A01011,10
1402,SAKAR,EQ,11-APR-2019,10,1,INE732S01012,10
1403,SAKHTISUG,EQ,06-SEP-1995,10,1,INE623A01011,10
1404,SAKSOFT,EQ,09-MAY-2005,1,1,INE667G01023,1
1405,SAKUMA,EQ,08-MAR-2006,1,1,INE190H01024,1
1406,SALASAR,EQ,25-JUL-2017,1,1,INE170V01027,1
1407,SALONA,EQ,16-JUN-2016,10,1,INE498E01010,10
1408,SALSTEEL,EQ,24-NOV-2004,10,1,INE658G01014,10
1409,SALZERELEC,EQ,02-DEC-2015,10,1,INE457F01013,10
1410,SAMBHAAV,EQ,05-JUN-1996,1,1,INE699B01027,1
1411,SANDESH,EQ,26-NOV-2002,10,1,INE583B01015,10
1412,SANDHAR,EQ,02-APR-2018,10,1,INE278H01035,10
1413,SANGAMIND,EQ,17-JUL-1996,10,1,INE495C01010,10
1414,SANGHIIND,EQ,10-MAY-1995,10,1,INE999B01013,10
1415,SANGHVIMOV,EQ,24-JAN-2007,2,1,INE989A01024,2
1416,SANGINITA,EQ,15-JUL-2019,10,1,INE753W01010,10
1417,SANOFI,EQ,19-MAY-2003,10,1,INE058A01010,10
1418,SANSERA,EQ,24-SEP-2021,2,1,INE953O01021,2
1419,SANWARIA,BZ,27-MAR-2006,1,1,INE890C01046,1
1420,SAPPHIRE,EQ,18-NOV-2021,10,1,INE806T01012,10
1421,SARDAEN,EQ,03-DEC-2009,10,1,INE385C01013,10
1422,SAREGAMA,EQ,30-JUL-1997,1,1,INE979A01025,1
1423,SARLAPOLY,EQ,19-JAN-2007,1,1,INE453D01025,1
1424,SARVESHWAR,EQ,08-DEC-2022,10,1,INE324X01018,10
1425,SASKEN,EQ,09-SEP-2005,10,1,INE231F01020,10
1426,SASTASUNDR,EQ,05-OCT-2010,10,1,INE019J01013,10
1427,SATHAISPAT,BE,27-DEC-2006,10,1,INE176C01016,10
1428,SATIA,EQ,17-JUL-2019,1,1,INE170E01023,1
1429,SATIN,EQ,26-AUG-2015,10,1,INE836B01017,10
1430,SATINDLTD,EQ,21-NOV-2022,2,1,INE065D01027,2
1431,SBC,BE,23-NOV-2021,1,1,INE04AK01028,1
1432,SBCL,EQ,24-JUN-2021,2,1,INE386D01027,2
1433,SBICARD,EQ,16-MAR-2020,10,1,INE018E01016,10
1434,SBILIFE,EQ,03-OCT-2017,10,1,INE123W01016,10
1435,SBIN,EQ,01-MAR-1995,1,1,INE062A01020,1
1436,SCAPDVR,EQ,10-OCT-2017,1,1,INE224E01036,1
1437,SCHAEFFLER,EQ,29-NOV-2000,2,1,INE513A01022,2
1438,SCHAND,EQ,09-MAY-2017,5,1,INE807K01035,5
1439,SCHNEIDER,EQ,20-MAR-2012,2,1,INE839M01018,2
1440,SCI,EQ,13-AUG-1997,10,1,INE109A01011,10
1441,SCPL,EQ,22-NOV-2022,10,1,INE501Y01019,10
1442,SDBL,EQ,18-MAR-2014,5,1,INE480C01020,5
1443,SEAMECLTD,EQ,28-JUN-1995,10,1,INE497B01018,10
1444,SECURCRED,EQ,17-OCT-2022,10,1,INE195Y01010,10
1445,SECURKLOUD,EQ,29-JAN-2014,5,1,INE650K01021,5
1446,SEJALLTD,BE,13-DEC-2021,10,1,INE955I01044,10
1447,SELAN,EQ,26-SEP-2006,10,1,INE818A01017,10
1448,SEPC,EQ,20-FEB-2008,10,1,INE964H01014,10
1449,SEPOWER,EQ,27-JUL-2012,10,1,INE735M01018,10
1450,SEQUENT,EQ,10-MAR-2016,2,1,INE807F01027,2
1451,SERVOTECH,EQ,02-SEP-2021,10,1,INE782X01017,10
1452,SESHAPAPER,EQ,29-MAR-1995,2,1,INE630A01024,2
1453,SETCO,EQ,01-JUL-2016,2,1,INE878E01021,2
1454,SETUINFRA,BE,04-OCT-2011,1,1,INE023M01027,1
1455,SFL,EQ,09-DEC-2016,5,1,INE916U01025,5
1456,SGIL,EQ,28-JUL-2021,10,1,INE00QT01015,10
1457,SGL,EQ,10-APR-2006,10,1,INE353H01010,10
1458,SHAHALLOYS,EQ,16-JUN-2005,10,1,INE640C01011,10
1459,SHAILY,EQ,04-APR-2022,10,1,INE151G01010,10
1460,SHAKTIPUMP,EQ,29-JAN-2015,10,1,INE908D01010,10
1461,SHALBY,EQ,15-DEC-2017,10,1,INE597J01018,10
1462,SHALPAINTS,EQ,03-MAR-2008,2,1,INE849C01026,2
1463,SHANKARA,EQ,05-APR-2017,10,1,INE274V01019,10
1464,SHANTI,EQ,16-SEP-2021,10,1,INE933X01016,10
1465,SHANTIGEAR,EQ,17-JAN-1996,1,1,INE631A01022,1
1466,SHARDACROP,EQ,23-SEP-2014,10,1,INE221J01015,10
1467,SHARDAMOTR,EQ,03-SEP-2015,2,1,INE597I01028,2
1468,SHAREINDIA,EQ,21-SEP-2020,10,1,INE932X01018,10
1469,SHEMAROO,EQ,01-OCT-2014,10,1,INE363M01019,10
1470,SHILPAMED,EQ,03-DEC-2009,1,1,INE790G01031,1
1471,SHIVALIK,EQ,09-DEC-2021,5,1,INE788J01021,5
1472,SHIVAMAUTO,EQ,21-NOV-2006,2,1,INE637H01024,2
1473,SHIVAMILLS,EQ,26-FEB-2018,10,1,INE644Y01017,10
1474,SHIVATEX,EQ,26-DEC-2017,10,1,INE705C01020,10
1475,SHK,EQ,16-NOV-2015,10,1,INE500L01026,10
1476,SHOPERSTOP,EQ,23-MAY-2005,5,1,INE498B01024,5
1477,SHRADHA,EQ,22-OCT-2020,10,1,INE715Y01015,10
1478,SHREDIGCEM,EQ,28-JAN-2020,10,1,INE232A01011,10
1479,SHREECEM,EQ,26-APR-1995,10,1,INE070A01015,10
1480,SHREEPUSHK,EQ,10-SEP-2015,10,1,INE712K01011,10
1481,SHREERAMA,EQ,13-MAR-2000,5,1,INE879A01019,5
1482,SHRENIK,EQ,02-AUG-2019,1,1,INE632X01030,1
1483,SHREYANIND,EQ,06-NOV-1996,10,1,INE231C01019,10
1484,SHREYAS,EQ,01-MAR-1995,10,1,INE757B01015,10
1485,SHRIPISTON,BE,02-JUN-2016,10,1,INE526E01018,10
1486,SHRIRAMPPS,EQ,20-DEC-2021,10,1,INE217L01019,10
1487,SHYAMCENT,EQ,28-JUL-2015,1,1,INE979R01011,1
1488,SHYAMMETL,EQ,24-JUN-2021,10,1,INE810G01011,10
1489,SHYAMTEL,EQ,06-NOV-2006,10,1,INE635A01023,10
1490,SICAL,EQ,28-APR-1999,10,1,INE075B01012,10
1491,SIEMENS,EQ,06-SEP-1995,2,1,INE003A01024,2
1492,SIGACHI,EQ,15-NOV-2021,10,1,INE0D0K01014,10
1493,SIGIND,EQ,29-AUG-2018,10,1,INE529F01035,10
1494,SIKKO,BE,22-OCT-2021,10,1,INE112X01017,10
1495,SIL,BE,27-JAN-2004,5,1,INE173A01025,5
1496,SILGO,EQ,03-MAR-2021,10,1,INE01II01013,10
1497,SILINV,EQ,22-MAY-1996,10,1,INE923A01015,10
1498,SILLYMONKS,BE,08-JUL-2020,10,1,INE203Y01012,10
1499,SILVERTUC,EQ,12-MAY-2022,10,1,INE625X01018,10
1500,SIMBHALS,EQ,14-MAR-2016,10,1,INE748T01016,10
1501,SIMPLEXINF,EQ,09-MAR-2004,2,1,INE059B01024,2
1502,SINTERCOM,BE,07-OCT-2020,10,1,INE129Z01016,10
1503,SINTEX,BE,05-NOV-1998,1,1,INE429C01035,1
1504,SIRCA,EQ,22-JUL-2019,10,1,INE792Z01011,10
1505,SIS,EQ,10-AUG-2017,5,1,INE285J01028,5
1506,SITINET,EQ,10-JAN-2007,1,1,INE965H01011,1
1507,SIYSIL,EQ,29-JAN-2007,2,1,INE076B01028,2
1508,SJS,EQ,15-NOV-2021,10,1,INE284S01014,10
1509,SJVN,EQ,20-MAY-2010,10,1,INE002L01015,10
1510,SKFINDIA,EQ,27-JAN-1999,10,1,INE640A01023,10
1511,SKIPPER,EQ,27-MAY-2015,1,1,INE439E01022,1
1512,SKMEGGPROD,EQ,14-MAR-1997,10,1,INE411D01015,10
1513,SMARTLINK,EQ,11-APR-2001,2,1,INE178C01020,2
1514,SMCGLOBAL,EQ,24-FEB-2021,2,1,INE103C01036,2
1515,SMLISUZU,EQ,29-AUG-2003,10,1,INE294B01019,10
1516,SMLT,EQ,25-NOV-2021,10,1,INE017W01010,10
1517,SMSLIFE,EQ,17-AUG-2017,10,1,INE320X01016,10
1518,SMSPHARMA,EQ,28-FEB-2007,1,1,INE812G01025,1
1519,SNOWMAN,EQ,12-SEP-2014,10,1,INE734N01019,10
1520,SOBHA,EQ,20-DEC-2006,10,1,INE671H01015,10
1521,SOFTTECH,EQ,25-FEB-2022,10,1,INE728Z01015,10
1522,SOLARA,EQ,27-JUN-2018,10,1,INE624Z01016,10
1523,SOLARINDS,EQ,03-APR-2006,2,1,INE343H01029,2
1524,SOMANYCERA,EQ,22-NOV-1995,2,1,INE355A01028,2
1525,SOMATEX,EQ,14-AUG-1996,10,1,INE314C01013,10
1526,SOMICONVEY,EQ,18-JUL-2016,10,1,INE323J01019,10
1527,SONACOMS,EQ,24-JUN-2021,10,1,INE073K01018,10
1528,SONAMCLOCK,EQ,07-APR-2022,10,1,INE00LM01011,10
1529,SONATSOFTW,EQ,28-JUL-1999,1,1,INE269A01021,1
1530,SOTL,EQ,28-JUN-1995,2,1,INE035D01020,2
1531,SOUTHBANK,EQ,08-DEC-1998,1,1,INE683A01023,1
1532,SOUTHWEST,EQ,18-APR-2019,10,1,INE980Y01015,10
1533,SPAL,EQ,12-AUG-2016,10,1,INE212I01016,10
1534,SPANDANA,EQ,19-AUG-2019,10,1,INE572J01011,10
1535,SPARC,EQ,18-JUL-2007,1,1,INE232I01014,1
1536,SPCENET,BE,10-JAN-2017,1,1,INE970N01027,1
1537,SPECIALITY,EQ,30-MAY-2012,10,1,INE247M01014,10
1538,SPENCERS,EQ,25-JAN-2019,5,1,INE020801028,5
1539,SPIC,EQ,10-JAN-1996,10,1,INE147A01011,10
1540,SPICEJET,EQ,10-MAY-1995,10,1,INE285B01017,10
1541,SPLIL,EQ,26-JUL-2005,10,1,INE978G01016,10
1542,SPLPETRO,EQ,24-MAY-2022,4,1,INE663A01025,4
1543,SPMLINFRA,EQ,14-FEB-1996,2,1,INE937A01023,2
1544,SPORTKING,EQ,24-AUG-2022,10,1,INE885H01011,10
1545,SPTL,EQ,08-AUG-2017,1,1,INE501W01021,1
1546,SPYL,BE,12-JAN-2011,1,1,INE268L01020,1
1547,SREEL,EQ,01-JAN-2014,10,1,INE099F01013,10
1548,SRF,EQ,18-AUG-2003,10,1,INE647A01010,10
1549,SRHHYPOLTD,EQ,08-MAY-2007,10,1,INE917H01012,10
1550,SRPL,EQ,23-SEP-2020,10,1,INE008Z01012,10
1551,SRTRANSFIN,EQ,11-DEC-1996,10,1,INE721A01013,10
1552,SSWL,EQ,06-JUN-2005,1,1,INE802C01033,1
1553,STAR,EQ,02-FEB-2000,10,1,INE939A01011,10
1554,STARCEMENT,EQ,16-JUN-2017,1,1,INE460H01021,1
1555,STARHEALTH,EQ,10-DEC-2021,10,1,INE575P01011,10
1556,STARPAPER,EQ,13-SEP-1995,10,1,INE733A01018,10
1557,STARTECK,EQ,04-MAY-2022,10,1,INE992I01013,10
1558,STCINDIA,EQ,01-APR-2003,10,1,INE655A01013,10
1559,STEELCAS,EQ,23-NOV-2021,5,1,INE124E01020,5
1560,STEELCITY,EQ,27-JUN-2019,10,1,INE395H01011,10
1561,STEELXIND,EQ,20-JUL-2017,1,1,INE503B01021,1
1562,STEL,EQ,09-FEB-2011,10,1,INE577L01016,10
1563,STERTOOLS,EQ,02-FEB-2006,2,1,INE334A01023,2
1564,STLTECH,EQ,08-DEC-2000,2,1,INE089C01029,2
1565,STOVEKRAFT,EQ,05-FEB-2021,10,1,INE00IN01015,10
1566,STYLAMIND,EQ,02-AUG-2021,5,1,INE239C01020,5
1567,SUBCAPCITY,EQ,10-JUL-1996,10,1,INE845C01016,10
1568,SUBEXLTD,EQ,05-NOV-2020,5,1,INE754A01055,5
1569,SUBROS,EQ,13-JUL-2005,2,1,INE287B01021,2
1570,SUDARSCHEM,EQ,25-MAY-1995,2,1,INE659A01023,2
1571,SUKHJITS,EQ,07-NOV-2022,10,1,INE450E01011,10
1572,SUMEETINDS,EQ,10-DEC-2010,10,1,INE235C01010,10
1573,SUMICHEM,EQ,27-JAN-2020,10,1,INE258G01013,10
1574,SUMIT,BE,30-JUL-2019,10,1,INE748Z01013,10
1575,SUMMITSEC,EQ,28-JAN-2011,10,1,INE519C01017,10
1576,SUNCLAYLTD,EQ,23-OCT-2012,5,1,INE105A01035,5
1577,SUNDARAM,EQ,02-JUN-2010,1,1,INE108E01023,1
1578,SUNDARMFIN,EQ,07-JAN-1998,10,1,INE660A01013,10
1579,SUNDARMHLD,EQ,26-MAR-2018,5,1,INE202Z01029,5
1580,SUNDRMBRAK,EQ,17-JUL-1996,10,1,INE073D01013,10
1581,SUNDRMFAST,EQ,07-JUN-2000,1,1,INE387A01021,1
1582,SUNFLAG,EQ,29-SEP-2005,10,1,INE947A01014,10
1583,SUNPHARMA,EQ,08-FEB-1995,1,1,INE044A01036,1
1584,SUNTECK,EQ,13-NOV-2009,1,1,INE805D01034,1
1585,SUNTV,EQ,24-APR-2006,5,1,INE424H01027,5
1586,SUPERHOUSE,EQ,26-SEP-2014,10,1,INE712B01010,10
1587,SUPERSPIN,EQ,08-JUL-2004,1,1,INE662A01027,1
1588,SUPRAJIT,EQ,18-FEB-2005,1,1,INE399C01030,1
1589,SUPREMEENG,EQ,04-DEC-2020,1,1,INE319Z01021,1
1590,SUPREMEIND,EQ,19-JUL-1995,2,1,INE195A01028,2
1591,SUPREMEINF,EQ,18-OCT-2007,10,1,INE550H01011,10
1592,SUPRIYA,EQ,28-DEC-2021,2,1,INE07RO01027,2
1593,SURANASOL,EQ,07-JAN-2011,5,1,INE272L01022,5
1594,SURANAT&P,EQ,22-MAY-2002,1,1,INE130B01031,1
1595,SURYALAXMI,EQ,15-JUN-2005,10,1,INE713B01026,10
1596,SURYAROSNI,EQ,10-MAY-1995,10,1,INE335A01012,10
1597,SURYODAY,EQ,26-MAR-2021,10,1,INE428Q01011,10
1598,SUTLEJTEX,EQ,14-DEC-2006,1,1,INE645H01027,1
1599,SUULD,EQ,19-OCT-2020,10,1,INE591Q01016,10
1600,SUVEN,EQ,23-OCT-2003,1,1,INE495B01038,1
1601,SUVENPHAR,EQ,09-MAR-2020,1,1,INE03QK01018,1
1602,SUVIDHAA,EQ,31-MAR-2021,1,1,INE018401013,1
1603,SUZLON,EQ,19-OCT-2005,2,1,INE040H01021,2
1604,SVPGLOB,EQ,14-JUL-2021,1,1,INE308E01029,1
1605,SWANENERGY,EQ,29-MAY-2012,1,1,INE665A01038,1
1606,SWARAJENG,EQ,06-DEC-1995,10,1,INE277A01016,10
1607,SWELECTES,EQ,09-MAY-2006,10,1,INE409B01013,10
1608,SWSOLAR,EQ,20-AUG-2019,1,1,INE00M201021,1
1609,SYMPHONY,EQ,15-JUN-2011,2,1,INE225D01027,2
1610,SYNCOMF,EQ,18-NOV-2022,1,1,INE312C01025,1
1611,SYNGENE,EQ,11-AUG-2015,10,1,INE398R01022,10
1612,SYRMA,EQ,26-AUG-2022,10,1,INE0DYJ01015,10
1613,TAINWALCHM,EQ,27-JUL-1995,10,1,INE123C01018,10
1614,TAJGVK,EQ,20-DEC-2000,2,1,INE586B01026,2
1615,TAKE,EQ,27-AUG-2007,1,1,INE142I01023,1
1616,TALBROAUTO,EQ,29-SEP-2006,10,1,INE187D01011,10
1617,TANLA,EQ,05-JAN-2007,1,1,INE483C01032,1
1618,TANTIACONS,BZ,19-FEB-2008,10,1,INE388G01018,10
1619,TARAPUR,EQ,18-MAY-2010,10,1,INE747K01017,10
1620,TARC,EQ,18-DEC-2020,2,1,INE0EK901012,2
1621,TARMAT,EQ,09-JUL-2007,10,1,INE924H01018,10
1622,TARSONS,EQ,26-NOV-2021,2,1,INE144Z01023,2
1623,TASTYBITE,EQ,23-MAR-2017,10,1,INE488B01017,10
1624,TATACHEM,EQ,01-APR-1999,10,1,INE092A01019,10
1625,TATACOFFEE,EQ,16-FEB-2000,1,1,INE493A01027,1
1626,TATACOMM,EQ,12-APR-1995,10,1,INE151A01013,10
1627,TATACONSUM,EQ,18-NOV-1998,1,1,INE192A01025,1
1628,TATAELXSI,EQ,17-SEP-2003,10,1,INE670A01012,10
1629,TATAINVEST,EQ,24-JUN-1998,10,1,INE672A01018,10
1630,TATAMETALI,EQ,27-MAY-2003,10,1,INE056C01010,10
1631,TATAMOTORS,EQ,22-JUL-1998,2,1,INE155A01022,2
1632,TATAMTRDVR,EQ,05-NOV-2008,2,1,IN9155A01020,2
1633,TATAPOWER,EQ,03-APR-1996,1,1,INE245A01021,1
1634,TATASTEEL,EQ,18-NOV-1998,1,1,INE081A01020,1
1635,TATASTLLP,EQ,24-FEB-2003,10,1,INE674A01014,10
1636,TATVA,EQ,29-JUL-2021,10,1,INE0GK401011,10
1637,TBZ,EQ,09-MAY-2012,10,1,INE760L01018,10
1638,TCI,EQ,21-JAN-2002,2,1,INE688A01022,2
1639,TCIEXP,EQ,15-DEC-2016,2,1,INE586V01016,2
1640,TCNSBRANDS,EQ,30-JUL-2018,2,1,INE778U01029,2
1641,TCPLPACK,EQ,17-OCT-2017,10,1,INE822C01015,10
1642,TCS,EQ,25-AUG-2004,1,1,INE467B01029,1
1643,TDPOWERSYS,EQ,08-SEP-2011,2,1,INE419M01027,2
1644,TEAMLEASE,EQ,12-FEB-2016,10,1,INE985S01024,10
1645,TECHIN,EQ,08-SEP-2011,10,1,INE778A01021,10
1646,TECHM,EQ,28-AUG-2006,5,1,INE669C01036,5
1647,TECHNOE,EQ,04-DEC-2018,2,1,INE285K01026,2
1648,TEGA,EQ,13-DEC-2021,10,1,INE011K01018,10
1649,TEJASNET,EQ,27-JUN-2017,10,1,INE010J01012,10
1650,TEMBO,EQ,23-APR-2021,10,1,INE869Y01010,10
1651,TERASOFT,EQ,29-DEC-2016,10,1,INE482B01010,10
1652,TEXINFRA,EQ,09-SEP-2004,1,1,INE435C01024,1
1653,TEXMOPIPES,EQ,10-MAR-2010,10,1,INE141K01013,10
1654,TEXRAIL,EQ,03-MAR-2011,1,1,INE621L01012,1
1655,TFCILTD,EQ,26-JUL-2000,10,1,INE305A01015,10
1656,TFL,EQ,26-FEB-2007,10,1,INE804H01012,10
1657,TGBHOTELS,EQ,17-MAY-2007,10,1,INE797H01018,10
1658,THANGAMAYL,EQ,19-FEB-2010,10,1,INE085J01014,10
1659,THEINVEST,EQ,02-AUG-2017,10,1,INE924D01017,10
1660,THEMISMED,EQ,02-APR-2007,10,1,INE083B01016,10
1661,THERMAX,EQ,30-AUG-1995,2,1,INE152A01029,2
1662,THOMASCOOK,EQ,07-JUN-2000,1,1,INE332A01027,1
1663,THOMASCOTT,BE,30-JAN-2012,10,1,INE480M01011,10
1664,THYROCARE,EQ,09-MAY-2016,10,1,INE594H01019,10
1665,TI,EQ,16-JUL-2010,10,1,INE133E01013,10
1666,TIDEWATER,EQ,16-JAN-2007,2,1,INE484C01030,2
1667,TIIL,EQ,12-FEB-2007,10,1,INE545H01011,10
1668,TIINDIA,EQ,02-NOV-2017,1,1,INE974X01010,1
1669,TIJARIA,BE,14-OCT-2011,10,1,INE440L01017,10
1670,TIL,BZ,27-SEP-1995,10,1,INE806C01018,10
1671,TIMESGTY,EQ,11-JUN-2002,10,1,INE289C01025,10
1672,TIMETECHNO,EQ,13-JUN-2007,1,1,INE508G01029,1
1673,TIMKEN,EQ,06-FEB-2007,10,1,INE325A01013,10
1674,TINPLATE,EQ,27-JAN-2006,10,1,INE422C01014,10
1675,TIPSFILMS,EQ,06-OCT-2022,10,1,INE0LQS01015,10
1676,TIPSINDLTD,EQ,10-NOV-2000,10,1,INE716B01011,10
1677,TIRUMALCHM,EQ,14-MAY-2003,1,1,INE338A01024,1
1678,TIRUPATIFL,EQ,04-AUG-2020,2,1,INE319Y01024,2
1679,TITAN,EQ,24-SEP-2004,1,1,INE280A01028,1
1680,TMB,EQ,15-SEP-2022,10,1,INE668A01016,10
1681,TNPETRO,EQ,27-OCT-1999,10,1,INE148A01019,10
1682,TNPL,EQ,14-FEB-1996,10,1,INE107A01015,10
1683,TNTELE,BE,04-FEB-2003,10,1,INE141D01018,10
1684,TOKYOPLAST,EQ,11-OCT-1995,10,1,INE932C01012,10
1685,TORNTPHARM,EQ,25-NOV-2002,5,1,INE685A01028,5
1686,TORNTPOWER,EQ,28-NOV-2006,10,1,INE813H01021,10
1687,TOTAL,EQ,28-AUG-2020,10,1,INE336X01012,10
1688,TOUCHWOOD,EQ,21-JAN-2020,10,1,INE486Y01013,10
1689,TPLPLASTEH,EQ,20-MAY-2015,2,1,INE413G01022,2
1690,TRACXN,EQ,20-OCT-2022,1,1,INE0HMF01019,1
1691,TREEHOUSE,EQ,26-AUG-2011,10,1,INE040M01013,10
1692,TREJHARA,EQ,28-DEC-2018,10,1,INE00CA01015,10
1693,TRENT,EQ,07-JUN-2004,1,1,INE849A01020,1
1694,TRF,EQ,26-MAR-2010,10,1,INE391D01019,10
1695,TRIDENT,EQ,21-FEB-2001,1,1,INE064C01022,1
1696,TRIGYN,EQ,09-APR-1998,10,1,INE948A01012,10
1697,TRIL,EQ,28-DEC-2007,1,1,INE763I01026,1
1698,TRITURBINE,EQ,28-OCT-2011,1,1,INE152M01016,1
1699,TRIVENI,EQ,13-DEC-2005,1,1,INE256C01024,1
1700,TRU,EQ,10-MAY-2022,2,1,INE615R01029,2
1701,TTKHLTCARE,EQ,02-DEC-2015,10,1,INE910C01018,10
1702,TTKPRESTIG,EQ,22-DEC-1999,1,1,INE690A01028,1
1703,TTL,EQ,22-FEB-2007,10,1,INE592B01016,10
1704,TTML,EQ,20-OCT-2000,10,1,INE517B01013,10
1705,TV18BRDCST,EQ,08-FEB-2007,2,1,INE886H01027,2
1706,TVSELECT,EQ,26-DEC-2003,10,1,INE236G01019,10
1707,TVSMOTOR,EQ,02-AUG-2000,1,1,INE494B01023,1
1708,TVSSRICHAK,EQ,13-FEB-2007,10,1,INE421C01016,10
1709,TVTODAY,EQ,16-JAN-2004,5,1,INE038F01029,5
1710,TVVISION,EQ,15-SEP-2016,10,1,INE871L01013,10
1711,TWL,EQ,21-APR-2008,2,1,INE615H01020,2
1712,UBL,EQ,28-JUL-2008,1,1,INE686F01025,1
1713,UCALFUEL,EQ,13-SEP-1995,10,1,INE139B01016,10
1714,UCOBANK,EQ,09-OCT-2003,10,1,INE691A01018,10
1715,UDAICEMENT,EQ,23-DEC-2021,4,1,INE225C01029,4
1716,UFLEX,EQ,23-AUG-1995,10,1,INE516A01017,10
1717,UFO,EQ,14-MAY-2015,10,1,INE527H01019,10
1718,UGARSUGAR,EQ,23-AUG-2010,1,1,INE071E01023,1
1719,UGROCAP,EQ,11-AUG-2021,10,1,INE583D01011,10
1720,UJAAS,BE,20-OCT-2011,1,1,INE899L01022,1
1721,UJJIVAN,EQ,10-MAY-2016,10,1,INE334L01012,10
1722,UJJIVANSFB,EQ,12-DEC-2019,10,1,INE551W01018,10
1723,ULTRACEMCO,EQ,24-AUG-2004,10,1,INE481G01011,10
1724,UMAEXPORTS,EQ,07-APR-2022,10,1,INE0GIU01018,10
1725,UMANGDAIRY,EQ,02-DEC-2015,5,1,INE864B01027,5
1726,UMESLTD,EQ,12-JUL-2010,1,1,INE240C01028,1
1727,UNICHEMLAB,EQ,07-FEB-2001,2,1,INE351A01035,2
1728,UNIDT,EQ,25-SEP-2020,10,1,INE961D01019,10
1729,UNIENTER,EQ,23-JAN-2004,2,1,INE037A01022,2
1730,UNIINFO,EQ,12-JAN-2022,10,1,INE481Z01011,10
1731,UNIONBANK,EQ,24-SEP-2002,10,1,INE692A01016,10
1732,UNIPARTS,EQ,12-DEC-2022,10,1,INE244O01017,10
1733,UNITECH,BZ,08-SEP-1999,2,1,INE694A01020,2
1734,UNITEDPOLY,BE,31-DEC-2021,10,1,INE368U01011,10
1735,UNITEDTEA,EQ,28-JAN-2015,10,1,INE458F01011,10
1736,UNIVASTU,EQ,22-JUN-2020,10,1,INE562X01013,10
1737,UNIVCABLES,EQ,17-MAY-1995,10,1,INE279A01012,10
1738,UNIVPHOTO,EQ,14-FEB-2020,10,1,INE03V001013,10
1739,UNOMINDA,EQ,02-FEB-2007,2,1,INE405E01023,2
1740,UPL,EQ,23-JAN-2004,2,1,INE628A01036,2
1741,URJA,EQ,28-MAR-2017,1,1,INE550C01020,1
1742,USHAMART,EQ,11-OCT-2000,1,1,INE228A01035,1
1743,UTIAMC,EQ,12-OCT-2020,10,1,INE094J01016,10
1744,UTTAMSUGAR,EQ,10-APR-2006,10,1,INE786F01031,10
1745,V2RETAIL,EQ,04-JUL-2007,10,1,INE945H01013,10
1746,VADILALIND,EQ,15-JUN-2011,10,1,INE694D01016,10
1747,VAIBHAVGBL,EQ,05-APR-2004,2,1,INE884A01027,2
1748,VAISHALI,EQ,15-JAN-2020,10,1,INE972X01014,10
1749,VAKRANGEE,EQ,03-APR-2006,1,1,INE051B01021,1
1750,VALIANTORG,EQ,23-JUL-2021,10,1,INE565V01010,10
1751,VARDHACRLC,EQ,30-SEP-2003,10,1,INE116G01013,10
1752,VARDMNPOLY,EQ,12-MAY-2003,10,1,INE835A01011,10
1753,VARROC,EQ,06-JUL-2018,1,1,INE665L01035,1
1754,VASCONEQ,EQ,15-FEB-2010,10,1,INE893I01013,10
1755,VASWANI,EQ,20-SEP-2011,10,1,INE590L01019,10
1756,VBL,EQ,08-NOV-2016,10,1,INE200M01013,10
1757,VCL,EQ,19-APR-2022,2,1,INE098201028,2
1758,VEDL,EQ,13-MAY-1998,1,1,INE205A01025,1
1759,VENKEYS,EQ,28-JUL-2003,10,1,INE398A01010,10
1760,VENUSPIPES,EQ,24-MAY-2022,10,1,INE0JA001018,10
1761,VENUSREM,EQ,20-DEC-2006,10,1,INE411B01019,10
1762,VERANDA,EQ,11-APR-2022,10,1,INE0IQ001011,10
1763,VERTOZ,BE,14-MAY-2020,10,1,INE188Y01015,10
1764,VESUVIUS,EQ,04-OCT-2002,10,1,INE386A01015,10
1765,VETO,EQ,29-APR-2015,10,1,INE918N01018,10
1766,VGUARD,EQ,13-MAR-2008,1,1,INE951I01027,1
1767,VHL,EQ,30-JUN-2005,10,1,INE701A01023,10
1768,VIDHIING,EQ,02-MAR-2016,1,1,INE632C01026,1
1769,VIJAYA,EQ,14-SEP-2021,1,1,INE043W01024,1
1770,VIJIFIN,EQ,11-JUL-2016,1,1,INE159N01027,1
1771,VIKASECO,EQ,12-DEC-2011,1,1,INE806A01020,1
1772,VIKASLIFE,EQ,08-MAY-2019,1,1,INE161L01027,1
1773,VIKASPROP,BZ,19-AUG-2019,1,1,INE767B01022,1
1774,VIKASWSP,BZ,10-MAY-1995,1,1,INE706A01022,1
1775,VIMTALABS,EQ,15-DEC-2005,2,1,INE579C01029,2
1776,VINATIORGA,EQ,28-JUL-2009,1,1,INE410B01037,1
1777,VINDHYATEL,EQ,08-FEB-1995,10,1,INE707A01012,10
1778,VINEETLAB,EQ,15-JUN-2021,10,1,INE505Y01010,10
1779,VINNY,EQ,28-NOV-2022,10,1,INE01KI01019,10
1780,VINYLINDIA,BE,21-JUL-2008,1,1,INE250B01029,1
1781,VIPCLOTHNG,EQ,06-AUG-2007,2,1,INE450G01024,2
1782,VIPIND,EQ,02-MAR-2005,2,1,INE054A01027,2
1783,VIPULLTD,BE,23-APR-2015,1,1,INE946H01037,1
1784,VISAKAIND,EQ,28-AUG-1996,10,1,INE392A01013,10
1785,VISASTEEL,BE,17-MAR-2006,10,1,INE286H01012,10
1786,VISESHINFO,BE,14-JAN-2000,1,1,INE861A01058,1
1787,VISHAL,EQ,19-AUG-2019,5,1,INE755Q01025,5
1788,VISHNU,EQ,05-MAR-2015,10,1,INE270I01014,10
1789,VISHWARAJ,EQ,15-OCT-2019,2,1,INE430N01022,2
1790,VIVIDHA,EQ,21-MAY-2013,1,1,INE370E01029,1
1791,VIVIMEDLAB,BZ,17-AUG-2005,2,1,INE526G01021,2
1792,VLSFINANCE,EQ,25-MAY-1995,10,1,INE709A01018,10
1793,VMART,EQ,20-FEB-2013,10,1,INE665J01013,10
1794,VOLTAMP,EQ,20-SEP-2006,10,1,INE540H01012,10
1795,VOLTAS,EQ,12-APR-1995,1,1,INE226A01021,1
1796,VRLLOG,EQ,30-APR-2015,10,1,INE366I01010,10
1797,VSSL,EQ,17-MAY-2012,10,1,INE050M01012,10
1798,VSTIND,EQ,05-SEP-2003,10,1,INE710A01016,10
1799,VSTTILLERS,EQ,20-JUN-2011,10,1,INE764D01017,10
1800,VTL,EQ,14-JAN-2003,2,1,INE825A01020,2
1801,WABAG,EQ,13-OCT-2010,2,1,INE956G01038,2
1802,WALCHANNAG,EQ,18-SEP-1996,2,1,INE711A01022,2
1803,WANBURY,BE,29-JAN-2007,10,1,INE107F01022,10
1804,WATERBASE,EQ,08-FEB-1995,10,1,INE054C01015,10
1805,WEALTH,EQ,20-JAN-2021,10,1,INE658T01017,10
1806,WEBELSOLAR,EQ,15-MAY-2007,10,1,INE855C01015,10
1807,WEIZMANIND,EQ,10-MAY-1995,10,1,INE080A01014,10
1808,WELCORP,EQ,24-MAY-2005,5,1,INE191B01025,5
1809,WELENT,EQ,04-NOV-2004,10,1,INE625G01013,10
1810,WELINV,EQ,20-SEP-2010,10,1,INE389K01018,10
1811,WELSPUNIND,EQ,04-DEC-2003,1,1,INE192B01031,1
1812,WENDT,EQ,07-AUG-2006,10,1,INE274C01019,10
1813,WESTLIFE,EQ,19-AUG-2019,2,1,INE274F01020,2
1814,WEWIN,EQ,15-JUN-2022,10,1,INE082W01014,10
1815,WFL,EQ,17-JAN-2022,10,1,INE02WG01016,10
1816,WHEELS,EQ,07-APR-2000,10,1,INE715A01015,10
1817,WHIRLPOOL,EQ,06-APR-2010,10,1,INE716A01013,10
1818,WILLAMAGOR,EQ,08-FEB-1995,10,1,INE210A01017,10
1819,WINDLAS,EQ,16-AUG-2021,5,1,INE0H5O01029,5
1820,WINDMACHIN,EQ,17-AUG-2011,2,1,INE052A01021,2
1821,WINPRO,BE,19-AUG-2019,5,1,INE974C01022,5
1822,WIPL,BE,17-APR-2017,10,1,INE215F01023,10
1823,WIPRO,EQ,08-NOV-1995,2,1,INE075A01022,2
1824,WOCKPHARMA,EQ,23-FEB-2000,5,1,INE049B01025,5
1825,WONDERLA,EQ,09-MAY-2014,10,1,INE066O01014,10
1826,WORTH,EQ,04-AUG-2020,10,1,INE196Y01018,10
1827,WSTCSTPAPR,EQ,17-JAN-2001,2,1,INE976A01021,2
1828,XCHANGING,EQ,09-MAR-2005,10,1,INE692G01013,10
1829,XELPMOC,EQ,04-FEB-2019,10,1,INE01P501012,10
1830,XPROINDIA,EQ,27-APR-2004,10,1,INE445C01015,10
1831,YAARI,EQ,18-AUG-2011,2,1,INE126M01010,2
1832,YESBANK,EQ,12-JUL-2005,2,1,INE528G01035,2
1833,YUKEN,EQ,02-SEP-2021,10,1,INE384C01016,10
1834,ZEEL,EQ,09-SEP-1998,1,1,INE256A01028,1
1835,ZEELEARN,EQ,20-DEC-2010,1,1,INE565L01011,1
1836,ZEEMEDIA,EQ,10-JAN-2007,1,1,INE966H01019,1
1837,ZENITHEXPO,EQ,10-JUL-1996,10,1,INE058B01018,10
1838,ZENITHSTL,EQ,30-APR-2007,10,1,INE318D01020,10
1839,ZENSARTECH,EQ,09-JUL-2003,2,1,INE520A01027,2
1840,ZENTEC,EQ,30-MAR-2015,1,1,INE251B01027,1
1841,ZFCVINDIA,EQ,01-OCT-2008,5,1,INE342J01019,5
1842,ZIMLAB,EQ,25-NOV-2022,10,1,INE518E01015,10
1843,ZODIAC,EQ,14-DEC-2021,10,1,INE761Y01019,10
1844,ZODIACLOTH,EQ,27-SEP-1995,10,1,INE206B01013,10
1845,ZOMATO,EQ,23-JUL-2021,1,1,INE758T01015,1
1846,ZOTA,EQ,19-AUG-2019,10,1,INE358U01012,10
1847,ZUARI,EQ,27-NOV-2012,10,1,INE840M01016,10
1848,ZUARIIND,EQ,12-APR-1995,10,1,INE217A01012,10
1849,ZYDUSLIFE,EQ,18-APR-2000,1,1,INE010B01027,1
1850,ZYDUSWELL,EQ,13-NOV-2009,10,1,INE768C01010,10
